{
	"meta-info":
	{
		"version":"190"
	},
	"checkbox":
	{
		"drawing":false
	},
	"commandbutton":
	{
		"drawing":false
	},
	"datawindow":
	{
		"drawing":false
	},
	"datepicker":
	{
		"drawing":false
	},
	"dropdownlistbox":
	{
		"drawing":false
	},
	"dropdownpicturelistbox":
	{
		"drawing":false
	},
	"editmask":
	{
		"drawing":false
	},
	"graph-colors":
	{
		"drawing":false
	},
	"graph-control":
	{
		"drawing":false
	},
	"groupbox":
	{
		"drawing":false
	},
	"inkedit":
	{
		"drawing":false
	},
	"inkpicture":
	{
		"drawing":false
	},
	"listbox":
	{
		"drawing":false
	},
	"listview":
	{
		"drawing":false
	},
	"menu":
	{
		"drawing":false
	},
	"monthcalendar":
	{
		"drawing":false
	},
	"multilineedit":
	{
		"drawing":false
	},
	"olecontrol":
	{
		"drawing":false
	},
	"olecustomcontrol":
	{
		"drawing":false
	},
	"picturebutton":
	{
		"drawing":false
	},
	"picturelistbox":
	{
		"drawing":false
	},
	"hprogressbar":
	{
		"drawing":false
	},
	"vprogressbar":
	{
		"drawing":false
	},
	"radiobutton":
	{
		"drawing":false
	},
	"ribbonbar":
	{
		"drawing":false
	},
	"richtextedit":
	{
		"drawing":false
	},
	"hscrollbar":
	{
		"drawing":false
	},
	"vscrollbar":
	{
		"drawing":false
	},
	"singlelineedit":
	{
		"drawing":false		
	},
	"statichyperlink":
	{
		"drawing":false
	},
	"statictext":
	{
		"drawing":false
	},
	"tab":
	{
		"drawing":false
	},
	"htrackbar":
	{
		"drawing":false
	},
	"vtrackbar":
	{
		"drawing":false
	},
	"treeview":
	{
		"drawing":false
	},
	"userobject":
	{
		"drawing":false
	},
	"webbrowser":
	{
		"drawing":false
	},
	"window":
	{
		"drawing":false
	}
}
