{
	"meta-info":
	{
		"version":"25.0.0.3711"
	},
	"checkbox":
	{
		"drawing":true,
		"normal-state":
		{
			"text-font":{"color":"#000000"},
			"box-images":
			{
				"unchecked":{"file":"checkbox-box-normal-unchecked.bmp"},
				"checked":{"file":"checkbox-box-normal-checked.bmp"},
				"indeterminate":{"file":"checkbox-box-normal-indeterminate.bmp"}
			}
		},
		"hover-state":
		{
			"text-font":{"color":"#000000"},
			"box-images":
			{
				"unchecked":{"file":"checkbox-box-hover-unchecked.bmp"},
				"checked":{"file":"checkbox-box-hover-checked.bmp"},
				"indeterminate":{"file":"checkbox-box-hover-indeterminate.bmp"}
			}
		},
		"pressed-state":
		{
			"text-font":{"color":"#000000"},
			"box-images":
			{
				"unchecked":{"file":"checkbox-box-pressed-unchecked.bmp"},
				"checked":{"file":"checkbox-box-pressed-checked.bmp"},
				"indeterminate":{"file":"checkbox-box-pressed-indeterminate.bmp"}
			}
		},
		"focused-state":
		{
			"text-font":{"color":"#000000"},
			"box-images":
			{
				"unchecked":{"file":"checkbox-box-focused-unchecked.bmp"},
				"checked":{"file":"checkbox-box-focused-checked.bmp"},
				"indeterminate":{"file":"checkbox-box-focused-indeterminate.bmp"}
			}
		},
		"disabled-state":
		{
			"text-font":{"color":"#999999"},
			"box-images":
			{
				"unchecked":{"file":"checkbox-box-disabled-unchecked.bmp"},
				"checked":{"file":"checkbox-box-disabled-checked.bmp"},
				"indeterminate":{"file":"checkbox-box-disabled-indeterminate.bmp"}
			}
		}
	},
	"commandbutton":
	{
		"drawing":true,
		"normal-state":
		{
			"border-color":"#B3D7F3",
			"background-color":"#B3D7F3",
			"text-font":{"color":"#000000"}
		},
		"hover-state":
		{
			"border-color":"#3393DF",
			"background-color":"#3393DF",
			"text-font":{"color":"#FFFFFF"}
		},
		"pressed-state":
		{
			"border-color":"#0060AC",
			"background-color":"#0060AC",
			"text-font":{"color":"#FFFFFF"}
		},
		"focused-state":
		{
			"border-color":"#0078D7",
			"background-color":"#0078D7",
			"text-font":{"color":"#FFFFFF"}
		},
		"default-state":
		{
			"border-color":"#0078D7",
			"background-color":"#0078D7",
			"text-font":{"color":"#FFFFFF"}
		},
		"disabled-state":
		{
			"border-color":"#CCCCCC",
			"background-color":"#CCCCCC",
			"text-font":{"color":"#999999"}
		}
	},
	"datawindow":
	{
		"drawing":true,
		"background-color-enabled":true,
		"background-color":"#FFFFFF",
		"normal-state":
		{
			"border-color":"#CCCCCC"
		},
		"disabled-state":
		{
			"border-color":"#F0F0F0"
		},
		"dwo-button":
		{
			"drawing":true,
			"normal-state":
			{
				"border-color":"#B3D7F3",
				"background-color":"#B3D7F3",
				"text-font":{"color":"#000000"}
			},
			"hover-state":
			{
				"border-color":"#3393DF",
				"background-color":"#3393DF",
				"text-font":{"color":"#FFFFFF"}
			},
			"pressed-state":
			{
				"border-color":"#0060AC",
				"background-color":"#0060AC",
				"text-font":{"color":"#FFFFFF"}
			},
			"default-state":
			{
				"border-color":"#0078D7",
				"background-color":"#0078D7",
				"text-font":{"color":"#FFFFFF"}
			},
			"disabled-state":
			{
				"border-color":"#CCCCCC",
				"background-color":"#CCCCCC",
				"text-font":{"color":"#999999"}
			}
		},
		"dwo-column":
		{
			"drawing":true,
			"border":0,
			"border-color":"#CCCCCC",
			"background-color":"#FFFFFF",
			"text-font":{"color":"#000000"},
			"checkbox-type":
			{
				"drawing":true,
				"normal-state":
				{
					"box-images":
					{
						"unchecked":{"file":"checkbox-box-normal-unchecked.bmp"},
						"checked":{"file":"checkbox-box-normal-checked.bmp"},
						"indeterminate":{"file":"checkbox-box-normal-indeterminate.bmp"}
					}
				},
				"hover-state":
				{
					"box-images":
					{
						"unchecked":{"file":"checkbox-box-hover-unchecked.bmp"},
						"checked":{"file":"checkbox-box-hover-checked.bmp"},
						"indeterminate":{"file":"checkbox-box-hover-indeterminate.bmp"}
					}
				}
			},
			"dropdown-type":
			{
				"drawing":true,
				"selected-row-text-color":"#000000",
				"selected-row-background-color":"#CDE8FF",
				"unselected-row-background-color":"#FFFFFF",				
				"normal-state":
				{
					"border-color":"#CCCCCC",
					"background-color":"#FFFFFF",
					"arrow-image":{"file":"dropdownlistbox-arrow-normal.png"}
				},
				"hover-state":
				{
					"border-color":"#CCCCCC",
					"background-color":"#FFFFFF",
					"arrow-image":{"file":"dropdownlistbox-arrow-hover.png"}
				}
			},
			"editmask-type":
			{
				"drawing":true,
				"spin":
				{
					"normal-state":
					{
						"images":
						{
							"top-button":{"file":"dwo-editmask-spin-top-button-normal.png"},
							"bottom-button":{"file":"dwo-editmask-spin-bottom-button-normal.png"}
						}
					},
					"hover-state":
					{
						"images":
						{
							"top-button":{"file":"dwo-editmask-spin-top-button-hover.png"},
							"bottom-button":{"file":"dwo-editmask-spin-bottom-button-hover.png"}
						}
					}
				},
				"dropdownarrow":
				{
					"normal-state":
					{
						"arrow-image":{"file":"dropdownlistbox-arrow-normal.png"}
					},
					"hover-state":
					{
						"arrow-image":{"file":"dropdownlistbox-arrow-hover.png"}
					}
				}
			},
			"radiobuttons-type":
			{
				"drawing":true,
				"normal-state":
				{
					"radio-images":
					{
						"unchecked":{"file":"radiobutton-radio-normal-unchecked.png"},
						"checked":{"file":"radiobutton-radio-normal-checked.png"}
					}
				},
				"hover-state":
				{
					"radio-images":
					{
						"unchecked":{"file":"radiobutton-radio-hover-unchecked.png"},
						"checked":{"file":"radiobutton-radio-hover-checked.png"}
					}
				}
			}
		},
		"dwo-compute":
		{
			"drawing":true,
			"border":0,
			"border-color":"#CCCCCC",
			"background-color":"#FFFFFF",
			"text-font":{"color":"#000000"}
		},
		"dwo-graph":
		{
			"drawing":true,
			"border":0,
			"border-color":"#CCCCCC"
		},
		"dwo-groupbox":
		{
			"drawing":true,
			"border":0,
			"border-color":"#CCCCCC",
			"background-color":"#FFFFFF",
			"text-font":{"color":"#000000"}
		},
		"dwo-inkpicture":
		{
			"drawing":true,
			"border":0,
			"border-color":"#CCCCCC"
		},
		"dwo-ole":
		{
			"drawing":true,
			"border":0,
			"border-color":"#CCCCCC"
		},
		"dwo-oledatabaseblob":
		{
			"drawing":true,
			"border":0,
			"border-color":"#CCCCCC"
		},
		"dwo-picture":
		{
			"drawing":true,
			"border":0,
			"border-color":"#CCCCCC"
		},
		"dwo-tableblob":
		{
			"drawing":true,
			"border":0,
			"border-color":"#CCCCCC"
		},
		"dwo-text":
		{
			"drawing":true,
			"border":2,
			"border-color":"#CCCCCC",
			"background-color":"#FFFFFF",
			"text-font":{"color":"#000000"}
		},
		"cross-style":
		{
			"drawing":true,
			"head-band":
			{
				"drawing_background-color":true,
				"background-color":"#0078D7",
				"dwo-text-font":{"color":"#FFFFFF"}
			},
			"detail-band":
			{
				"drawing_background-color":false,
				"background-color":"#FFFFFF",
				"selected-row-text-color":"#000000",
				"selected-row-background-color":"#CDE8FF",
				"unselected-row-background-color":"#FFFFFF"
			},
			"summary-band":
			{
				"drawing_background-color":false,
				"background-color":"#FFFFFF"
			},
			"footer-band":
			{
				"drawing_background-color":false,
				"background-color":"#F0F0F0"
			},
			"grid-line":
			{
				"horizontal-line":true,
				"vertical-line":true,
				"line-color":"#E8EFF8"
			},
			"dwo-column":
			{
				"border":2,
				"border-color":"#CCCCCC",
				"background-color":"#FFFFFF",
				"text-font":{"color":"#000000"}
			},
			"dwo-text":
			{
				"border":2,
				"border-color":"#CCCCCC",
				"background-color":"#FFFFFF",
				"text-font":{"color":"#000000"}
			},
			"dwo-compute":
			{
				"border":2,
				"border-color":"#CCCCCC",
				"background-color":"#FFFFFF",
				"text-font":{"color":"#000000"}
			}
		},
		"grid-style":
		{
			"drawing":true,
			"head-band":
			{
				"drawing_background-color":true,
				"background-color":"#0078D7",
				"dwo-text-font":{"color":"#FFFFFF"}
			},
			"detail-band":
			{
				"drawing_background-color":false,
				"background-color":"#FFFFFF",
				"selected-row-text-color":"#000000",
				"selected-row-background-color":"#CDE8FF",
				"unselected-row-background-color":"#FFFFFF"
			},
			"summary-band":
			{
				"drawing_background-color":false,
				"background-color":"#FFFFFF"
			},
			"footer-band":
			{
				"drawing_background-color":false,
				"background-color":"#F0F0F0"
			},
			"grid-line":
			{
				"horizontal-line":true,
				"vertical-line":true,
				"line-color":"#E8EFF8"
			},
			"dwo-column":
			{
				"border":2,
				"border-color":"#CCCCCC",
				"background-color":"#FFFFFF",
				"text-font":{"color":"#000000"}
			},
			"dwo-text":
			{
				"border":2,
				"border-color":"#CCCCCC",
				"background-color":"#FFFFFF",
				"text-font":{"color":"#000000"}
			},
			"dwo-compute":
			{
				"border":2,
				"border-color":"#CCCCCC",
				"background-color":"#FFFFFF",
				"text-font":{"color":"#000000"}
			}
		},
		"tabular-style":
		{
			"drawing":false,
			"head-band":
			{
				"drawing_background-color":false,
				"background-color":"#0078D7"
			},
			"detail-band":
			{
				"drawing_background-color":false,
				"background-color":"#FFFFFF"
			},
			"summary-band":
			{
				"drawing_background-color":false,
				"background-color":"#FFFFFF"
			},
			"footer-band":
			{
				"drawing_background-color":false,
				"background-color":"#F0F0F0"
			}
		},
		"treeview-style":
		{
			"drawing":false,
			"head-band":
			{
				"drawing_background-color":false,
				"background-color":"#0078D7"
			},
			"detail-band":
			{
				"drawing_background-color":false,
				"background-color":"#FFFFFF"
			},
			"summary-band":
			{
				"drawing_background-color":false,
				"background-color":"#FFFFFF"
			},
			"footer-band":
			{
				"drawing_background-color":false,
				"background-color":"#F0F0F0"
			}
		}
	},
	"datepicker":
	{
		"drawing":true,
		"edit":
		{
			"normal-state":
			{
				"border-color":"#999999"
			},
			"hover-state":
			{
				"border-color":"#0078D7"
			},
			"focused-state":
			{
				"border-color":"#0078D7"
			},
			"disabled-state":
			{
				"border-color":"#CCCCCC"
			}
		},
		"dropdownarrow":
		{
			"normal-state":
			{
				"arrow-image":{"file":"datepicker-arrow-normal.bmp"}
			},
			"hover-state":
			{
				"arrow-image":{"file":"datepicker-arrow-hover.bmp"}
			},
			"focused-state":
			{
				"arrow-image":{"file":"datepicker-arrow-focused.bmp"}
			},
			"disabled-state":
			{
				"arrow-image":{"file":"datepicker-arrow-disabled.bmp"}
			}
		}
	},
	"dropdownlistbox":
	{
		"drawing":true,
		"normal-state":
		{
			"border-color":"#999999",
			"background-color":"#FFFFFF",
			"text-font":{"color":"#000000"},
			"arrow-image":{"file":"dropdownlistbox-arrow-normal.png"}
		},
		"hover-state":
		{
			"border-color":"#0078D7",
			"background-color":"#F0F0F0",
			"text-font":{"color":"#000000"},
			"arrow-image":{"file":"dropdownlistbox-arrow-hover.png"}
		},
		"focused-state":
		{
			"border-color":"#0078D7",
			"background-color":"#FFFFFF",
			"text-font":{"color":"#000000"},
			"arrow-image":{"file":"dropdownlistbox-arrow-focused.png"}
		},
		"disabled-state":
		{
			"border-color":"#CCCCCC",
			"background-color":"#FFFFFF",
			"text-font":{"color":"#999999"},
			"arrow-image":{"file":"dropdownlistbox-arrow-disabled.png"}
		}
	},
	"dropdownpicturelistbox":
	{
		"drawing":true,
		"normal-state":
		{
			"border-color":"#999999",
			"background-color":"#FFFFFF",
			"text-font":{"color":"#000000"},
			"arrow-image":{"file":"dropdownlistbox-arrow-normal.png"}
		},
		"hover-state":
		{
			"border-color":"#0078D7",
			"background-color":"#F0F0F0",
			"text-font":{"color":"#000000"},
			"arrow-image":{"file":"dropdownlistbox-arrow-hover.png"}
		},
		"focused-state":
		{
			"border-color":"#0078D7",
			"background-color":"#FFFFFF",
			"text-font":{"color":"#000000"},
			"arrow-image":{"file":"dropdownlistbox-arrow-focused.png"}
		},
		"disabled-state":
		{
			"border-color":"#CCCCCC",
			"background-color":"#FFFFFF",
			"text-font":{"color":"#999999"},
			"arrow-image":{"file":"dropdownlistbox-arrow-disabled.png"}
		}
	},
	"tabbedbar":
    {
		"drawing":true,
		"background-color":"#FFFFFF",
		"separator-color":"#CCCCCC",
		"border-bottom-color":"#A4D1FF",
		"item":
		{
			"normal-state":
			{
				"background-color":"#FFFFFF",
				"border-color":"#FFFFFF",
				"text-font":{"color":"#000000"}
			},
			"hover-state":
			{
				"background-color":"#CBE5FF",
				"border-color":"#CBE5FF",
				"text-font":{"color":"#000000"}
			},
			"selected-state":
			{
				"background-color":"#A4D1FF",
				"border-color":"#A4D1FF ",
				"text-font":{"color":"#000000"}
			}
		},
		"close-button":
		{
			"normal-state":
			{
				"image":{"file":"tabbedbar-close-button-normal.png"}
			},
			"hover-state":
			{
				"image":{"file":"tabbedbar-close-button-hover.png"}
			},
			"pressed-state":
			{
				"image":{"file":"tabbedbar-close-button-pressed.png"}
			},
			"disabled-state":
			{
				"image":{"file":"tabbedbar-close-button-disabled.png"}
			}
		},
		"spin":
		{
			"normal-state":
			{
				"image":{"file":"tabbedbar-spin-normal.bmp"},
				"image-alltabsvisible":{"file":"tabbedbar-spin1-normal.bmp"}
			},
			"hover-state":
			{
				"image":{"file":"tabbedbar-spin-hover.bmp"},
				"image-alltabsvisible":{"file":"tabbedbar-spin1-hover.bmp"}
			},
			"pressed-state":
			{
				"image":{"file":"tabbedbar-spin-pressed.bmp"},
				"image-alltabsvisible":{"file":"tabbedbar-spin1-pressed.bmp"}
			},
			"disabled-state":
			{
				"image":{"file":"tabbedbar-spin-disabled.bmp"},
				"image-alltabsvisible":{"file":"tabbedbar-spin1-disabled.bmp"}
			}
		},
		"menu":
		{
			"border-color":"#D9D9D9",
			"background-color":"#FFFFFF",
			"separator-color":"#D9D9D9",
			"background-linear-gradient":
			{
				"color-stop1": "#FFFFFF",
				"color-stop2": "#FFFFFF"
			},
			"item":
			{
				"normal-state":
				{
					"border-color":"#FFFFFF",
					"background-color":"#FFFFFF",
					"text-font":{"color":"#000000"}
				},
				"hover-state":
				{
					"border-color":"#E6F0FA",
					"background-color":"#E6F0FA",
					"text-font":{"color":"#000000"}
				},
				"pressed-state":
				{
					"border-color":"#C9E0F7",
					"background-color":"#C9E0F7",
					"text-font":{"color":"#000000"}
				},
				"disabled-state":
				{
					"border-color":"#FFFFFF",
					"background-color":"#FFFFFF",
					"text-font":{"color":"#999999"}
				}
			},
			"scroll-spinner":
			{
				"normal-state":
				{
					"border-color": "#D9D9D9",
					"background-color" : "#F0F0F0",
					"up-arrow-image" : { "file": "tabbedbar-scroll-spinnner-up.png" },
					"down-arrow-image" : { "file": "tabbedbar-scroll-spinnner-down.png" }
				},
				"hover-state":
				{
					"border-color": "#A4CEF9",
					"background-color" : "#CBE5FF",
					"up-arrow-image" : { "file": "tabbedbar-scroll-spinnner-up.png" },
					"down-arrow-image" : { "file": "tabbedbar-scroll-spinnner-down.png" }
				},
				"pressed-state":
				{
					"border-color": "#C9E0F7",
					"background-color" : "#C9E0F7",
					"up-arrow-image" : { "file": "tabbedbar-scroll-spinnner-up.png" },
					"down-arrow-image" : { "file": "tabbedbar-scroll-spinnner-down.png" }
				}
			}
		},
		"tooltip":
		{
			"background-color":"#FFFFFF",
			"border-color":"#D9D9D9",
			"text-font":{"color":"#000000"}
		}
	},
	"editmask":
	{
		"drawing":true,
		"edit":
		{
			"normal-state":
			{
				"border-color":"#999999",
				"background-color":"#FFFFFF",
				"text-font":{"color":"#000000"}
			},
			"hover-state":
			{
				"border-color":"#0078D7",
				"background-color":"#F0F0F0",
				"text-font":{"color":"#000000"}
			},
			"focused-state":
			{
				"border-color":"#0078D7",
				"background-color":"#FFFFFF",
				"text-font":{"color":"#000000"}
			},
			"disabled-state":
			{
				"border-color":"#CCCCCC",
				"background-color":"#FFFFFF"
			},
			"placeholder":
			{
				"text-font":{"color":"#999999"}
			}
		},
		"spin":
		{
			"normal-state":
			{
				"images":
				{
					"top-button":{"file":"editmask-spin-top-button-normal.png"},
					"bottom-button":{"file":"editmask-spin-bottom-button-normal.png"}
				}
			},
			"hover-state":
			{
				"images": 
				{
					"top-button":{"file":"editmask-spin-top-button-hover.png"},
					"bottom-button":{"file":"editmask-spin-bottom-button-hover.png"}
				}
			},
			"pressed-state":
			{
				"images": 
				{
					"top-button":{"file":"editmask-spin-top-button-pressed.png"},
					"bottom-button":{"file":"editmask-spin-bottom-button-pressed.png"}
				}
			},
			"disabled-state":
			{
				"images": 
				{
					"top-button":{"file":"editmask-spin-top-button-disabled.png"},
					"bottom-button":{"file":"editmask-spin-bottom-button-disabled.png"}
				}
			}
		},
		"dropdownarrow":
		{
			"normal-state":
			{
				"arrow-image":{"file":"editmask-arrow-normal.png"}
			},
			"hover-state":
			{
				"arrow-image":{"file":"editmask-arrow-hover.png"}
			},
			"pressed-state":
			{
				"arrow-image":{"file":"editmask-arrow-pressed.png"}
			},
			"disabled-state":
			{
				"arrow-image":{"file":"editmask-arrow-disabled.png"}
			}
		}
	},
	"graph-colors":
	{
		"drawing":true,
		"palette":[ "#2E81E5", "#7CD83F", "#5073E6", "#E5E563", "#30B4E5", "#A06EE6", "#E58C5C", "#3DCCA1", "#8AAEE6", "#E65E5C", "#E6AE07", "#AED94A", "#8A8AE6", "#D15CE6"],
		"pie-edge":"#666666",
		"bar-edge":"#646464"
	},
	"graph-control":
	{
		"drawing":true,
		"normal-state":
		{
			"border-color":"#CCCCCC"
		},
		"hover-state":
		{
			"border-color":"#CCCCCC"
		},
		"focused-state":
		{
			"border-color":"#CCCCCC"
		},
		"disabled-state":
		{
			"border-color":"#CCCCCC"
		}
	},
	"groupbox":
	{
		"drawing":true,
		"background-transparent":true,
		"normal-state":
		{
			"border-color":"#CCCCCC",
			"background-color":"#FFFFFF",
			"text-font":{"color":"#000000"}
		},
		"disabled-state":
		{
			"border-color":"#CCCCCC",
			"background-color":"#FFFFFF",
			"text-font":{"color":"#999999"}
		}
	},
	"inkedit":
	{
		"drawing":true,
		"normal-state":
		{
			"border-color":"#999999",
			"background-color":"#FFFFFF",
			"text-font":{"color":"#000000"}
		},
		"hover-state":
		{
			"border-color":"#0078D7",
			"background-color":"#F0F0F0",
			"text-font":{"color":"#000000"}
		},
		"focused-state":
		{
			"border-color":"#0078D7",
			"background-color":"#FFFFFF",
			"text-font":{"color":"#000000"}
		},
		"disabled-state":
		{
			"border-color":"#CCCCCC",
			"text-font":{"color":"#999999"}
		}
	},
	"inkpicture":
	{
		"drawing":true,
		"normal-state":
		{
			"border-color":"#999999"
		},
		"disabled-state":
		{
			"border-color":"#CCCCCC"
		}
	},
	"listbox":
	{
		"drawing":true,
		"normal-state":
		{
			"border-color":"#CCCCCC",
			"background-color":"#FFFFFF"
		},
		"hover-state": 
		{
			"border-color":"#CCCCCC",
			"background-color":"#FFFFFF"
		},
		"disabled-state":
		{
			"border-color":"#CCCCCC",
			"background-color":"#FFFFFF"
		},
		"item":
		{
			"normal-state":
			{
				"background-color":"#FFFFFF",
				"text-font":{"color":"#000000"}
			},
			"hover-state":
			{
				"background-color":"#E6E6E6",
				"text-font":{"color":"#000000"}
			},
			"selected-state":
			{
				"background-color":"#CDE8FF",
				"text-font":{"color":"#000000"}
			},
			"disabled-state": 
			{
				"background-color":"#FFFFFF",
				"text-font":{"color":"#999999"}
			}
		}
	},
	"listview":
	{
		"drawing":true,
		"normal-state":
		{
			"border-color":"#CCCCCC",
			"background-color":"#FFFFFF"
		},
		"hover-state": 
		{
			"border-color":"#CCCCCC",
			"background-color":"#FFFFFF"
		},
		"disabled-state":
		{
			"border-color":"#CCCCCC",
			"background-color":"#FFFFFF"
		},
		"item":
		{
			"normal-state":
			{
				"background-color":"#FFFFFF",
				"text-font":{"color":"#000000"}
			},
			"hover-state":
			{
				"background-color":"#E6E6E6",
				"text-font":{"color":"#000000"}
			},
			"selected-state":
			{
				"background-color":"#CDE8FF",
				"text-font":{"color":"#000000"}
			},
			"disabled-state": 
			{
				"background-color":"#FFFFFF",
				"text-font":{"color":"#999999"}
			}
		},
		"checkbox":
		{
			"normal-state":
			{
				"images":
				{
					"unchecked":{"file":"listview-checkbox-unchecked.ico"},
					"checked":{"file":"listview-checkbox-checked.ico"}
				}
			}
		}
	},
	"menu":
	{
		"drawing":true,
		"menubar":
		{
			"background-color":"#E6E6E6",
			"menuitem":
			{
				"normal-state":
				{
					"text-font":{"color":"#000000"},
					"background-color":"#E6E6E6"
				},
				"hover-state":
				{
					"text-font":{"color":"#000000"},
					"background-color":"#BBDDFA"
				},
				"selected-state":
				{
					"text-font":{"color":"#000000"},
					"background-color":"#AAD2FA"
				},
				"disabled-state":
				{
					"text-font":{"color":"#999999"},
					"background-color":"#E6E6E6"
				}
			}
		},
		"popupmenu":
		{
			"border-color":"#CCCCCC",
			"separator-color":"#CCCCCC",
			"background-color":"#FFFFFF",
			"bitmap-background-color":"#FFFFFF",
			"bitmap-gradient":false,
			"title-background-color":"#FFFFFF",
			"title-text-font":{"color":"#000000"},
			"title-gradient":false,
			"menuitem":
			{
				"normal-state":
				{
					"text-font":{"color":"#000000"},
					"background-color":"#FFFFFF"
				},
				"selected-state":
				{
					"text-font":{"color":"#000000"},
					"background-color":"#CDE8FF"
				},
				"disabled-state":
				{
					"text-font":{"color":"#999999"},
					"background-color":"#FFFFFF"
				}
			}
		},
		"toolbar":
		{
			"border-color":"#CCCCCC",
			"background-color":"#E6E6E6",
			"grabbar-color":"#999999",
			"separator-color":"#BFBFBF",
			"arrow-color":"#666666",
			"bitmap-background-color":"#E6E6E6",
			"item":
			{
				"normal-state":
				{
					"text-font":{"color":"#000000"}
				},
				"hover-state":
				{
					"text-font":{"color":"#000000"},
					"background-color":"#BBDDFA"
				},
				"selected-state":
				{
					"text-font":{"color":"#000000"},
					"background-color":"#AAD2FA"
				},
				"checked-state":
				{
					"text-font":{"color":"#000000"},
					"background-color":"#C3C4C5"
				},
				"disabled-state":
				{
					"text-font":{"color":"#999999"}
				}
			},
			"dropdownarrow":
			{
				"normal-state":
				{		
					"background-color":"#E6E6E6"
				},
				"hover-state":
				{		
					"background-color":"#BBDDFA"
				},
				"disabled-state":
				{
					"background-color":"#E6E6E6"
				}
			},
			"tooltip":
			{
				"border-color":"#DADBDC",
				"background-color":"#FFFFFF",
				"text-font":{"color":"#3C3C3C"}
			}
		}
	},
	"monthcalendar":
	{
		"drawing":true,
		"normal-state":
		{
			"border-color":"#F0F0F0",
			"background-color":"#FFFFFF"
		},
		"hover-state":
		{
			"border-color":"#F0F0F0",
			"background-color":"#FFFFFF"
		},
		"disabled-state":
		{
			"border-color":"#F0F0F0",
			"background-color":"#FFFFFF"
		}
	},
	"multilineedit":
	{
		"drawing":true,
		"normal-state":
		{
			"border-color":"#999999",
			"background-color":"#FFFFFF",
			"text-font":{"color":"#000000"}
		},
		"hover-state":
		{
			"border-color":"#0078D7",
			"background-color":"#F0F0F0",
			"text-font":{"color":"#000000"}
		},
		"focused-state":
		{
			"border-color":"#0078D7",
			"background-color":"#FFFFFF",
			"text-font":{"color":"#000000"}
		},
		"disabled-state":
		{
			"border-color":"#CCCCCC",
			"background-color":"#FFFFFF"
		},
		"placeholder":
		{
			"text-font":{"color":"#999999"}
		}
	},
	"olecontrol":
	{
		"drawing":true,
		"normal-state":
		{
			"border-color":"#CCCCCC"
		},
		"hover-state":
		{
			"border-color":"#CCCCCC"
		},
		"disabled-state":
		{
			"border-color":"#CCCCCC"
		}
	},
	"olecustomcontrol":
	{
		"drawing":true,
		"normal-state":
		{
			"border-color":"#CCCCCC"
		},
		"hover-state":
		{
			"border-color":"#CCCCCC"
		},
		"disabled-state":
		{
			"border-color":"#CCCCCC"
		}
	},
	"picturebutton":
	{
		"drawing":true,
		"normal-state":
		{
			"border-color":"#999999",
			"background-color":"#FFFFFF",
			"text-font":{"color":"#000000"}
		},
		"hover-state":
		{
			"border-color":"#0078D7",
			"background-color":"#E5F1FB",
			"text-font":{"color":"#000000"}
		},
		"pressed-state":
		{
			"border-color":"#0060AC",
			"background-color":"#CCE4F7",
			"text-font":{"color":"#000000"}
		},
		"focused-state":
		{
			"border-color":"#0078D7",
			"background-color":"#CCCCCC",
			"text-font":{"color":"#000000"}
		},
		"disabled-state":
		{
			"border-color":"#CCCCCC",
			"background-color":"#CCCCCC",
			"text-font":{"color":"#999999"}
		}
	},
	"picturelistbox":
	{
		"drawing":true,
		"normal-state":
		{
			"border-color":"#CCCCCC",
			"background-color":"#FFFFFF"
		},
		"hover-state": 
		{
			"border-color":"#CCCCCC",
			"background-color":"#FFFFFF"
		},
		"disabled-state":
		{
			"border-color":"#CCCCCC",
			"background-color":"#FFFFFF"
		},
		"item":
		{
			"normal-state":
			{
				"background-color":"#FFFFFF",
				"text-font":{"color":"#000000"}
			},
			"hover-state":
			{
				"background-color":"#E6E6E6",
				"text-font":{"color":"#000000"}
			},
			"selected-state":
			{
				"background-color":"#CDE8FF",
				"text-font":{"color":"#000000"}
			},
			"disabled-state": 
			{
				"background-color":"#FFFFFF",
				"text-font":{"color":"#999999"}
			}
		}
	},
	"hprogressbar":
	{
		"drawing":true,
		"normal-state":
		{
			"background-color":"#999999",
			"foreground-color":"#0078D7"
		}
	},
	"vprogressbar":
	{
		"drawing":true,
		"normal-state":
		{
			"background-color":"#999999",
			"foreground-color":"#0078D7"
		}
	},
	"radiobutton":
	{
		"drawing":true,
		"normal-state":
		{
			"text-font":{"color":"#000000"},
			"radio-images":
			{
				"unchecked":{"file":"radiobutton-radio-normal-unchecked.png"},
				"checked":{"file":"radiobutton-radio-normal-checked.png"}
			}
		},
		"hover-state":
		{
			"text-font":{"color":"#000000"},
			"radio-images":
			{
				"unchecked":{"file":"radiobutton-radio-hover-unchecked.png"},
				"checked":{"file":"radiobutton-radio-hover-checked.png"}
			}
		},
		"pressed-state":
		{
			"text-font":{"color":"#000000"},
			"radio-images":
			{
				"unchecked":{"file":"radiobutton-radio-pressed-unchecked.png"},
				"checked":{"file":"radiobutton-radio-pressed-checked.png"}
			}
		},
		"focused-state":
		{
			"text-font":{"color":"#000000"},
			"radio-images":
			{
				"unchecked":{"file":"radiobutton-radio-focused-unchecked.png"},
				"checked":{"file":"radiobutton-radio-focused-checked.png"}
			}
		},
		"disabled-state":
		{
			"text-font":{"color":"#999999"},
			"radio-images":
			{
				"unchecked":{"file":"radiobutton-radio-disabled-unchecked.png"},
				"checked":{"file":"radiobutton-radio-disabled-checked.png"}
			}
		}
	},
	"ribbonbar":
	{
		"drawing":true,
		"popup-shadow-color":"#E6E6E6",
		"normal-state":
		{
			"background-color":"#FFFFFF"	
		},
		"disabled-state":
		{
			"background-color":"#FFFFFF"	
		},
		"minimized-bottomline":
		{
			"normal-state":
			{
				"color":"#D9D9D9"
			},
			"disabled-state":
			{
				"color":"#F0F0F0"
			}
		},
		"applicationbutton":
		{
				"normal-state":
				{
					"border-color":"#1979CA",
					"background-color":"#1979CA",
					"text-font":{"color":"#FFFFFF"}
				},
				"hover-state":
				{
					"border-color":"#298CE1",
					"background-color":"#298CE1",
					"text-font":{"color":"#FFFFFF"}
				},
				"pressed-state":
				{
					"border-color":"#1268B3",
					"background-color":"#1268B3",
					"text-font":{"color":"#FFFFFF"}
				},
				"disabled-state":
				{
					"border-color":"#B4C2D6",
					"background-color":"#B4C2D6",
					"text-font":{"color":"#FFFFFF"}
				}
		},
		"category":
		{
			"content":
			{
				"active-state":
				{
					"border-color":"#DADBDC",
					"background-color":"#F6F6F6"
				},
				"disabled-state":
				{
					"border-color":"#DADBDC",
					"background-color":"#F6F6F6"
				}
			},
			"header":
			{
				"normal-state":
				{
					"border-color":"#FFFFFF",
					"background-color":"#FFFFFF",
					"text-font":{"color":"#3C3C3C"}
				},
				"hover-state":
				{
					"border-color":"#EBECEC",
					"background-color":"#FDFDFF",
					"text-font":{"color":"#3C3C3C"}
				},
				"pressed-state":
				{
					"border-color":"#DADBDC",
					"background-color":"#F6F6F6",
					"text-font":{"color":"#3C3C3C"}
				},
				"active-state":
				{
					"border-color":"#DADBDC",
					"background-color":"#F6F6F6",
					"text-font":{"color":"#3C3C3C"}
				},
				"disabled-state":
				{
					"border-color":"#FFFFFF",
					"background-color":"#FFFFFF",
					"text-font":{"color":"#8D8D8D"}
				}
			},
			"separator":
			{
				"active-state":
				{
					"color":"#E2E3E4"
				},
				"disabled-state":
				{
					"color":"#E2E3E4"
				}
			},
			"scrollbutton":
			{
				"normal-state":
				{
					"border-color":"#DADBDC",
					"background-color":"#FFFFFF",
					"images":
					{
						"left-scroll-button":{"file":"left-scroll-button-normal.png"},
						"right-scroll-button":{"file":"right-scroll-button-normal.png"}
					}
				},
				"hover-state":
				{
					"border-color":"#A4CEF9",
					"background-color":"#E8EFF7",
					"images":
					{
						"left-scroll-button":{"file":"left-scroll-button-normal.png"},
						"right-scroll-button":{"file":"right-scroll-button-normal.png"}
					}
				},
				"pressed-state":
				{
					"border-color":"#62A2E4",
					"background-color":"#C9E0F7",
					"images":
					{
						"left-scroll-button":{"file":"left-scroll-button-normal.png"},
						"right-scroll-button":{"file":"right-scroll-button-normal.png"}
					}
				},
				"disabled-state":
				{
					"border-color":"#DADBDC",
					"background-color":"#FFFFFF",
					"images":
					{
						"left-scroll-button":{"file":"left-scroll-button-disabled.png"},
						"right-scroll-button":{"file":"right-scroll-button-disabled.png"}
					}
				}
			}
		},
		"panel":
		{
			"normal-state":
			{
				"border-color":"#DADBDC",
				"background-color":"#F6F6F6",
				"text-font":{"color":"#5A5A5A"}
			},
			"disabled-state":
			{
				"border-color":"#DADBDC",
				"background-color":"#F6F6F6",
				"text-font":{"color":"#8D8D8D"}
			},
			"button":
			{
				"normal-state":
				{
					"border-color":"#A4CEF9",
					"background-color":"#E8EFF7",
					"text-font":{"color":"#3C3C3C"},
					"arrow-image":{"file":"dropdown-arrow-normal.png"}
				},
				"hover-state":
				{
					"border-color":"#A4CEF9",
					"background-color":"#F9FAFA",
					"text-font":{"color":"#3C3C3C"},
					"arrow-image":{"file":"dropdown-arrow-normal.png"}
				},
				"pressed-state":
				{
					"border-color":"#62A2E4",
					"background-color":"#C9E0F7",
					"text-font":{"color":"#3C3C3C"},
					"arrow-image":{"file":"dropdown-arrow-normal.png"}
				},
				"disabled-state":
				{
					"border-color":"#F6F6F6",
					"background-color":"#F6F6F6",
					"text-font":{"color":"#8D8D8D"},
					"arrow-image":{"file":"dropdown-arrow-disabled.png"}
				}
			}
		},
		"checkbox":
		{
			"normal-state":
			{
				"background-color":"#F6F6F6",
				"text-font":{"color":"#3C3C3C"},
				"box-images":
				{
					"unchecked":{"file":"checkbox-box-normal-unchecked.bmp"},
					"checked":{"file":"checkbox-box-normal-checked.bmp"},
					"indeterminate":{"file":"checkbox-box-normal-indeterminate.bmp"}
				}
			},
			"hover-state":
			{
				"background-color":"#F6F6F6",
				"text-font":{"color":"#3C3C3C"},
				"box-images":
				{
					"unchecked":{"file":"checkbox-box-hover-unchecked.bmp"},
					"checked":{"file":"checkbox-box-hover-checked.bmp"},
					"indeterminate":{"file":"checkbox-box-hover-indeterminate.bmp"}
				}
			},
			"pressed-state":
			{
				"background-color":"#F6F6F6",
				"text-font":{"color":"#3C3C3C"},
				"box-images":
				{
					"unchecked":{"file":"checkbox-box-pressed-unchecked.bmp"},
					"checked":{"file":"checkbox-box-pressed-checked.bmp"},
					"indeterminate":{"file":"checkbox-box-pressed-indeterminate.bmp"}
				}
			},
			"disabled-state":
			{
				"background-color":"#F6F6F6",
				"text-font":{"color":"#8D8D8D"},
				"box-images":
				{
					"unchecked":{"file":"checkbox-box-disabled-unchecked.bmp"},
					"checked":{"file":"checkbox-box-disabled-checked.bmp"},
					"indeterminate":{"file":"checkbox-box-disabled-indeterminate.bmp"}
				}
			}
		},
		"combobox":
		{
			"normal-state":
			{
				"background-color":"#F6F6F6"
			},
			"disabled-state":
			{
				"background-color":"#F6F6F6"
			},
			"label":
			{
				"normal-state":
				{
					"text-font":{"color":"#3C3C3C"}
				},
				"disabled-state":
				{
					"text-font":{"color":"#8D8D8D"}
				}
			},
			"dropdownlist":
			{
				"normal-state":
				{
					"border-color":"#C5C5C5",
					"background-color":"#FFFFFF",
					"arrow-image":{"file":"dropdown-arrow-normal.png"}
				},
				"hover-state":
				{
					"border-color":"#A4CEF9",
					"background-color":"#E8EFF7",
					"arrow-image":{"file":"dropdown-arrow-normal.png"}
				},
				"pressed-state":
				{
					"border-color":"#62A2E4",
					"background-color":"#C9E0F7",
					"arrow-image":{"file":"dropdown-arrow-normal.png"}
				},
				"focused-state":
				{
					"border-color":"#A4CEF9",
					"background-color":"#E8EFF7",
					"arrow-image":{"file":"dropdown-arrow-normal.png"}
				},
				"disabled-state":
				{
					"border-color":"#E2E3E4",
					"background-color":"#FFFFFF",
					"arrow-image":{"file":"dropdown-arrow-disabled.png"}
				},
				"edit":
				{
					"normal-state":
					{
						"background-color":"#FFFFFF",
						"text-font":{"color":"#3C3C3C"}
					},
					"hover-state":
					{
						"background-color":"#FFFFFF",
						"text-font":{"color":"#3C3C3C"}
					},
					"pressed-state":
					{
						"background-color":"#FFFFFF",
						"text-font":{"color":"#3C3C3C"}
					},
					"focused-state":
					{
						"background-color":"#FFFFFF",
						"text-font":{"color":"#3C3C3C"}
					},
					"disabled-state":
					{
						"background-color": "#FFFFFF",
						"text-font":{"color":"#8D8D8D"}
					}
				},
				"dropdown":
				{
					"border-color":"#DADBDC",
					"normal-state":
					{
						"background-color":"#FBFCFD",
						"text-font":{"color":"#3C3C3C"}
					},
					"hover-state":
					{
						"background-color":"#E8EFF7",
						"text-font":{"color":"#3C3C3C"}
					},
					"disabled-state":
					{
						"background-color":"#FBFCFD",
						"text-font":{"color":"#8D8D8D"}
					}
				}
			}
		},
		"largebutton":
		{
			"normal-state":
			{
				"border-color":"#F6F6F6",
				"background-color":"#F6F6F6",
				"text-font":{"color":"#3C3C3C"},
				"arrow-image":{"file":"dropdown-arrow-normal.png"}
			},
			"hover-state":
			{
				"border-color":"#A4CEF9",
				"background-color":"#E8EFF7",
				"text-font":{"color":"#3C3C3C"},
				"arrow-image":{"file":"dropdown-arrow-normal.png"}
			},
			"checked-state":
			{
				"border-color":"#A4CEF9",
				"background-color":"#E8EFF7",
				"text-font":{"color":"#3C3C3C"},
				"arrow-image":{"file":"dropdown-arrow-normal.png"}
			},
			"pressed-state":
			{
				"border-color":"#62A2E4",
				"background-color":"#C9E0F7",
				"text-font":{"color":"#3C3C3C"},
				"arrow-image":{"file":"dropdown-arrow-normal.png"}
			},
			"disabled-state":
			{
				"border-color":"#F6F6F6",
				"background-color":"#F6F6F6",
				"text-font":{"color":"#8D8D8D"},
				"arrow-image":{"file":"dropdown-arrow-disabled.png"}
			}
		},
		"menu":
		{
			"border-color":"#DADBDC",
			"background-color":"#FBFCFD",
			"item":
			{
				"normal-state":
				{
					"border-color":"#FBFCFD",
					"background-color":"#FBFCFD",
					"text-font":{"color":"#3C3C3C"},
					"arrow-image":{"file":"right.png"}
				},
				"hover-state":
				{
					"border-color":"#A4CEF9",
					"background-color":"#E8EFF7",
					"text-font":{"color":"#3C3C3C"},
					"arrow-image":{"file":"right.png"}
				},
				"checked-state":
				{
					"border-color":"#62A2E4",
					"background-color":"#C9E0F7"
				},
				"pressed-state":
				{
					"border-color":"#62A2E4",
					"background-color":"#C9E0F7",
					"text-font":{"color":"#3C3C3C"},
					"arrow-image":{"file":"right.png"}
				},
				"disabled-state":
				{
					"border-color":"#FBFCFD",
					"background-color":"#FBFCFD",
					"text-font":{"color":"#8D8D8D"},
					"arrow-image":{"file":"right-disable.png"}
				}
			}
		},
		"smallbutton":
		{
			"normal-state":
			{
				"border-color":"#F6F6F6",
				"background-color":"#F6F6F6",
				"text-font":{"color":"#3C3C3C"},
				"arrow-image":{"file":"dropdown-arrow-normal.png"}
			},
			"hover-state":
			{
				"border-color":"#A4CEF9",
				"background-color":"#E8EFF7",
				"text-font":{"color":"#3C3C3C"},
				"arrow-image":{"file":"dropdown-arrow-normal.png"}
			},
			"checked-state":
			{
				"border-color":"#A4CEF9",
				"background-color":"#E8EFF7",
				"text-font":{"color":"#3C3C3C"},
				"arrow-image":{"file":"dropdown-arrow-normal.png"}
			},
			"pressed-state":
			{
				"border-color":"#62A2E4",
				"background-color":"#C9E0F7",
				"text-font":{"color":"#3C3C3C"},
				"arrow-image":{"file":"dropdown-arrow-normal.png"}
			},
			"disabled-state":
			{
				"border-color":"#F6F6F6",
				"background-color":"#F6F6F6",
				"text-font":{"color":"#8D8D8D"},
				"arrow-image":{"file":"dropdown-arrow-disabled.png"}
			}
		},
		"tabbutton":
		{
			"normal-state":
			{
				"border-color":"#FFFFFF",
				"background-color":"#FFFFFF",
				"text-font":{"color":"#3C3C3C"},
				"arrow-image":{"file":"dropdown-arrow-normal.png"}
			},
			"hover-state":
			{
				"border-color":"#A4CEF9",
				"background-color":"#E8EFF7",
				"text-font":{"color":"#3C3C3C"},
				"arrow-image":{"file":"dropdown-arrow-normal.png"}
			},
			"checked-state":
			{
				"border-color":"#A4CEF9",
				"background-color":"#E8EFF7",
				"text-font":{"color":"#3C3C3C"},
				"arrow-image":{"file":"dropdown-arrow-normal.png"}
			},
			"pressed-state":
			{
				"border-color":"#62A2E4",
				"background-color":"#C9E0F7",
				"text-font":{"color":"#3C3C3C"},
				"arrow-image":{"file":"dropdown-arrow-normal.png"}
			},
			"disabled-state":
			{
				"border-color":"#FFFFFF",
				"background-color":"#FFFFFF",
				"text-font":{"color":"#8D8D8D"},
				"arrow-image":{"file":"dropdown-arrow-disabled.png"}
			}
		},
		"quickaccesstoolbar": 
		{
			"background-color": "#FFFFFF",
			"moreitem-image": { "file": "moreitem.png" },
			"allitemvisible-image": { "file": "allitemvisible.png" },
			"item": 
			{
				"separator-color": "#A0A0A0",
				"groupseparator-image": { "file": "groupseparator.png" },
				"arrow-image": { "file": "dropdown-arrow.png" },
				"normal-state": 
				{
					"background-color": "#FFFFFF",
					"border-color": "#FFFFFF"
				},
				"hover-state": 
				{
					"background-color": "#E6F0FA",
					"border-color": "#AAC8F0"
				},
				"pressed-state": 
				{
					"background-color": "#D2E6FA",
					"border-color": "#78AAE6"
				},
				"disabled-state": 
				{
					"background-color": "#FFFFFF",
					"border-color": "#FFFFFF"
				}
			},
			"menu": 
			{
				"border-color": "#D9D9D9",
				"background-color": "#FFFFFF",
				"separator-color": "#D9D9D9",
				"item-custom-qat": 
				{
					"normal-state": 
					{
						"background-color": "#F0F0F0",
						"text-font": { "color": "#333333" }
					}
				},
				"item": 
				{
					"checked-image": { "file": "menucheck.png" },
					"normal-state": 
					{
							"border-color": "#FFFFFF",
							"background-color": "#FFFFFF",
							"text-font": { "color": "#333333" }
					},
					"hover-state": 
					{
							"border-color": "#AAC8F0",
							"background-color": "#E6F0FA",
							"text-font": { "color": "#333333" }
					},
					"disabled-state": 
					{
							"border-color": "#FFFFFF",
							"background-color": "#FFFFFF",
							"text-font": { "color": "#999999" }
					}
				},
				"scroll-spinner": 
				{
					"normal-state": 
					{
							"border-color": "#FFFFFF",
							"background-color": "#FFFFFF",
							"up-arrow-image": { "file": "scroll-spinner-up.png" },
							"down-arrow-image": { "file": "scroll-spinner-down.png" }
					},
					"hover-state": 
					{
							"border-color": "#AAC8F0",
							"background-color": "#E6F0FA",
							"up-arrow-image": { "file": "scroll-spinner-up.png" },
							"down-arrow-image": { "file": "scroll-spinner-down.png" }
					},
					"pressed-state": 
					{
							"border-color": "#78AAE6",
							"background-color": "#D2E6FA",
							"up-arrow-image": { "file": "scroll-spinner-up.png" },
							"down-arrow-image": { "file": "scroll-spinner-down.png" }
					}
				}
			}
		},
		"tooltip":
		{
			"background-color":"#FFFFFF",
			"border-color":"#DADBDC",
			"text-font":{"color":"#3C3C3C"}
		}
	},
	"richtextedit":
	{
		"drawing":true,
		"normal-state":
		{
			"border-color":"#CCCCCC"
		},
		"hover-state":
		{
			"border-color":"#CCCCCC"
		},
		"focused-state":
		{
			"border-color":"#CCCCCC"
		},
		"disabled-state":
		{
			"border-color":"#CCCCCC"
		}
	},
	"hscrollbar":
	{
		"drawing":true,
		"groove":
		{
			"height":14,
			"normal-state":
			{
				"background-color":"#E6E6E6"
			},
			"disabled-state":
			{
				"background-color":"#E6E6E6"
			}
		},
		"thumb":
		{
			"normal-state":
			{
				"background-color":"#CCCCCC"
			},
			"hover-state":
			{
				"background-color":"#999999"
			},
			"pressed-state":
			{
				"background-color":"#666666"
			},
			"disabled-state":
			{
				"background-color":"#CCCCCC"
			}
		},
		"sizebox":
		{
			"normal-state":
			{
				"background-color":"#E6E6E6"
			},
			"disabled-state":
			{
				"background-color":"#E6E6E6"
			}
		},
		"arrow":
		{
			"normal-state":
			{
				"images":
				{
					"left-button":{"file":"hscrollbar-left-button-normal.bmp"},
					"right-button":{"file":"hscrollbar-right-button-normal.bmp"}
				}
			},
			"hover-state":
			{
				"images":
				{
					"left-button":{"file":"hscrollbar-left-button-hover.bmp"},
					"right-button":{"file":"hscrollbar-right-button-hover.bmp"}
				}
			},
			"pressed-state":
			{
				"images":
				{
					"left-button":{"file":"hscrollbar-left-button-pressed.bmp"},
					"right-button":{"file":"hscrollbar-right-button-pressed.bmp"}
				}
			},
			"disabled-state":
			{
				"images":
				{
					"left-button":{"file":"hscrollbar-left-button-disabled.bmp"},
					"right-button":{"file":"hscrollbar-right-button-disabled.bmp"}
				}
			}
		}
	},
	"vscrollbar":
	{
		"drawing":true,
		"groove":
		{
			"width":14,
			"normal-state":
			{
				"background-color":"#E6E6E6"
			},
			"disabled-state":
			{
				"background-color":"#E6E6E6"
			}
		},
		"thumb":
		{
			"normal-state":
			{
				"background-color":"#CCCCCC"
			},
			"hover-state":
			{
				"background-color":"#999999"
			},
			"pressed-state":
			{
				"background-color":"#666666"
			},
			"disabled-state":
			{
				"background-color":"#CCCCCC"
			}
		},
		"sizebox":
		{
			"normal-state":
			{
				"background-color":"#E6E6E6"
			},
			"disabled-state":
			{
				"background-color":"#E6E6E6"
			}
		},
		"arrow":
		{
			"normal-state":
			{
				"images":
				{
					"top-button":{"file":"vscrollbar-top-button-normal.bmp"},
					"bottom-button":{"file":"vscrollbar-bottom-button-normal.bmp"}
				}
			},
			"hover-state":
			{
				"images":
				{
					"top-button":{"file":"vscrollbar-top-button-hover.bmp"},
					"bottom-button":{"file":"vscrollbar-bottom-button-hover.bmp"}
				}
			},
			"pressed-state":
			{
				"images":
				{
					"top-button":{"file":"vscrollbar-top-button-pressed.bmp"},
					"bottom-button":{"file":"vscrollbar-bottom-button-pressed.bmp"}
				}
			},
			"disabled-state":
			{
				"images":
				{
					"top-button":{"file":"vscrollbar-top-button-disabled.bmp"},
					"bottom-button":{"file":"vscrollbar-bottom-button-disabled.bmp"}
				}
			}
		}
	},
	"singlelineedit":
	{
		"drawing":true,
		"normal-state":
		{
			"border-color":"#999999",
			"background-color":"#FFFFFF",
			"text-font":{"color":"#000000"}
		},
		"hover-state":
		{
			"border-color":"#0078D7",
			"background-color":"#F0F0F0",
			"text-font":{"color":"#000000"}
		},
		"focused-state":
		{
			"border-color":"#0078D7",
			"background-color":"#FFFFFF",
			"text-font":{"color":"#000000"}
		},
		"disabled-state":
		{
			"border-color":"#CCCCCC",
			"background-color":"#FFFFFF"
		},
		"placeholder":
		{
			"text-font":{"color":"#999999"}
		}	
		
	},
	"statichyperlink":
	{
		"drawing":true,
		"border":0,
		"background-transparent":true,
		"normal-state":
		{
			"background-color":"#FFFFFF",
			"text-font":{"color":"#0078D7"}
		},
		"disabled-state":
		{
			"background-color":"#FFFFFF",
			"text-font":{"color":"#A0BEE6"}
		}
	},
	"statictext":
	{
		"drawing":true,
		"border":0,
		"background-transparent":true,
		"normal-state":
		{
			"background-color":"#FFFFFF",
			"text-font":{"color":"#000000"}
		},
		"disabled-state":
		{
			"background-color":"#FFFFFF",
			"text-font":{"color":"#999999"}
		}
	},
	"tab":
	{
		"drawing":true,
		"background-color":"#FFFFFF",
		"navigator":
		{
			"normal-state":
			{
				"background-color":"#FFFFFF",
				"text-font":{"color":"#000000"}
			},
			"hover-state":
			{
				"background-color":"#E5F1FB",
				"text-font":{"color":"#000000"}
			},
			"focused-state":
			{
				"background-color":"#0078D7",
				"text-font":{"color":"#FFFFFF"}
			},
			"selected-state":
			{
				"background-color":"#0078D7",
				"text-font":{"color":"#FFFFFF"}
			},
			"disabled-state":
			{
				"background-color":"#FFFFFF",
				"text-font":{"color":"#999999"}
			}
		},
		"page":
		{
			"border-color":"#CCCCCC",
			"separator-width":2,
			"separator-color":"#0078D7",
			"background-color":"#FFFFFF"
		},
		"spin":
		{
			"normal-state":
			{
				"images":
				{
					"top-button":{"file":"tab-spin-top-button-normal.bmp"},
					"bottom-button":{"file":"tab-spin-bottom-button-normal.bmp"},
					"left-button":{"file":"tab-spin-left-button-normal.bmp"},
					"right-button":{"file":"tab-spin-right-button-normal.bmp"}
				}
			},
			"hover-state":
			{
				"images":
				{
					"top-button":{"file":"tab-spin-top-button-hover.bmp"},
					"bottom-button":{"file":"tab-spin-bottom-button-hover.bmp"},
					"left-button":{"file":"tab-spin-left-button-hover.bmp"},
					"right-button":{"file":"tab-spin-right-button-hover.bmp"}
				}
			},
			"pressed-state":
			{
				"images":
				{
					"top-button":{"file":"tab-spin-top-button-pressed.bmp"},
					"bottom-button":{"file":"tab-spin-bottom-button-pressed.bmp"},
					"left-button":{"file":"tab-spin-left-button-pressed.bmp"},
					"right-button":{"file":"tab-spin-right-button-pressed.bmp"}
				}
			},
			"disabled-state":
			{
				"images":
				{
					"top-button":{"file":"tab-spin-top-button-disabled.bmp"},
					"bottom-button":{"file":"tab-spin-bottom-button-disabled.bmp"},
					"left-button":{"file":"tab-spin-left-button-disabled.bmp"},
					"right-button":{"file":"tab-spin-right-button-disabled.bmp"}
				}
			}
		}
	},
	"htrackbar":
	{
		"drawing":true,
		"normal-state":
		{
			"background-color":"#FFFFFF"
		},
		"slider":
		{
			"normal-state":
			{
				"foreground-color":"#0078D7",
				"background-color":"#999999"
			}
		},
		"thumb":
		{
			"normal-state":
			{
				"images":
				{
					"top-thumb":{"file":"htrackbar-top-thumb-normal.png"},
					"bottom-thumb":{"file":"htrackbar-bottom-thumb-normal.png"},
					"both-thumb":{"file":"htrackbar-both-thumb-normal.png"}
				}
			},
			"hover-state":
			{
				"images":
				{
					"top-thumb":{"file":"htrackbar-top-thumb-hover.png"},
					"bottom-thumb":{"file":"htrackbar-bottom-thumb-hover.png"},
					"both-thumb":{"file":"htrackbar-both-thumb-hover.png"}
				}
			},
			"pressed-state":
			{
				"images":
				{
					"top-thumb":{"file":"htrackbar-top-thumb-pressed.png"},
					"bottom-thumb":{"file":"htrackbar-bottom-thumb-pressed.png"},
					"both-thumb":{"file":"htrackbar-both-thumb-pressed.png"}
				}
			}
		}
	},
	"vtrackbar":
	{
		"drawing":true,
		"normal-state":
		{
			"background-color":"#FFFFFF"
		},
		"slider":
		{
			"normal-state":
			{
				"foreground-color":"#0078D7",
				"background-color":"#999999"
			}
		},
		"thumb":
		{
			"normal-state":
			{
				"images":
				{
					"left-thumb":{"file":"vtrackbar-left-thumb-normal.png"},
					"right-thumb":{"file":"vtrackbar-right-thumb-normal.png"},
					"both-thumb":{"file":"vtrackbar-both-thumb-normal.png"}
				}
			},
			"hover-state":
			{
				"images":
				{
					"left-thumb":{"file":"vtrackbar-left-thumb-hover.png"},
					"right-thumb":{"file":"vtrackbar-right-thumb-hover.png"},
					"both-thumb":{"file":"vtrackbar-both-thumb-hover.png"}
				}
			},
			"pressed-state":
			{
				"images":
				{
					"left-thumb":{"file":"vtrackbar-left-thumb-pressed.png"},
					"right-thumb":{"file":"vtrackbar-right-thumb-pressed.png"},
					"both-thumb":{"file":"vtrackbar-both-thumb-pressed.png"}
				}
			}
		}
	},
	"treeview":
	{
		"drawing":true,
		"normal-state":
		{
			"border-color":"#CCCCCC",
			"background-color":"#FFFFFF"
		},
		"hover-state": 
		{
			"border-color":"#CCCCCC",
			"background-color":"#FFFFFF"
		},
		"disabled-state":
		{
			"border-color":"#CCCCCC",
			"background-color":"#FFFFFF"
		},
		"item":
		{
			"normal-state":
			{
				"background-color":"#FFFFFF",
				"text-font":{"color":"#000000"}
			},
			"hover-state":
			{
				"background-color":"#E6E6E6",
				"text-font":{"color":"#000000"}
			},
			"selected-state":
			{
				"background-color":"#CDE8FF",
				"text-font":{"color":"#000000"}
			},
			"disabled-state": 
			{
				"background-color":"#FFFFFF",
				"text-font":{"color":"#999999"}
			}
		},
		"checkbox":
		{
			"normal-state":
			{
				"images":
				{
					"unchecked":{"file":"treeview-checkbox-unchecked.ico"},
					"checked":{"file":"treeview-checkbox-checked.ico"}
				}
			}
		},
		"button":
		{
			"normal-state":
			{
				"images":
				{
					"unexpanded":{"file":"treeview-button-unexpanded.png"},
					"expanded":{"file":"treeview-button-expanded.png"}
				}
			}
		}
	},
	"userobject":
	{
		"drawing":true,
		"default-style":true,
		"normal-state":
		{
			"background-color":"#FFFFFF",
			"border-color":"#CCCCCC"
		},
		"disabled-state":
		{
			"background-color":"#FFFFFF",
			"border-color":"#CCCCCC"
		}
	},
	"webbrowser":
	{
		"drawing":true,
		"normal-state":
		{
			"border-color":"#CCCCCC"
		}
	},
	"window":
	{
		"drawing":true,
		"background-color":"#FFFFFF",
		"title":
		{
			"active-state":
			{
				"background-color":"#FFFFFF",
				"text-font":{"color":"#000000"}
			},
			"inactive-state":
			{
				"background-color":"#FFFFFF",
				"text-font":{"color":"#999999"}
			}
		},
		"statusbar":
		{
			"background-color":"#E6E6E6",
			"text-font":{"color":"#000000"}
		},
		"border":
		{
			"margin":[1,30,1,1],
			"active-state":
			{
				"border-color":"#0078D7"
	
			},
			"inactive-state":
			{
				"border-color":"#CCCCCC"
			}
		},
		"mdiclient":
		{
			"background-color":"#BFBFBF"
		},
		"min-button":
		{
			"normal-state":
			{
				"button-image":{"file":"window-min-button-normal.bmp"}
			},
			"hover-state":
			{
				"button-image":{"file":"window-min-button-hover.bmp"}
			},
			"pressed-state":
			{
				"button-image":{"file":"window-min-button-pressed.bmp"}
			},
			"disabled-state": 
			{
				"button-image":{"file":"window-min-button-disabled.bmp"}
			},
			"inactive-state": 
			{
				"button-image":{"file":"window-min-button-inactive.bmp"}
			}
		},
		"max-button":
		{
			"normal-state":
			{
				"button-image":{"file":"window-max-button-normal.bmp"}
			},
			"hover-state":
			{
				"button-image":{"file":"window-max-button-hover.bmp"}
			},
			"pressed-state":
			{
				"button-image":{"file":"window-max-button-pressed.bmp"}
			},
			"disabled-state": 
			{
				"button-image":{"file":"window-max-button-disabled.bmp"}
			},
			"inactive-state": 
			{
				"button-image":{"file":"window-max-button-inactive.bmp"}
			}
		},
		"restore-button":
		{
			"normal-state":
			{
				"button-image":{"file":"window-restore-button-normal.bmp"}
			},
			"hover-state":
			{
				"button-image":{"file":"window-restore-button-hover.bmp"}
			},
			"pressed-state":
			{
				"button-image":{"file":"window-restore-button-pressed.bmp"}
			},
			"disabled-state": 
			{
				"button-image":{"file":"window-restore-button-disabled.bmp"}
			},
			"inactive-state": 
			{
				"button-image":{"file":"window-restore-button-inactive.bmp"}
			}
		},
		"close-button":
		{
			"normal-state":
			{
				"button-image":{"file":"window-close-button-normal.bmp"}
			},
			"hover-state":
			{
				"button-image":{"file":"window-close-button-hover.bmp"}
			},
			"pressed-state":
			{
				"button-image":{"file":"window-close-button-pressed.bmp"}
			},
			"disabled-state": 
			{
				"button-image":{"file":"window-close-button-disabled.bmp"}
			},
			"inactive-state": 
			{
				"button-image":{"file":"window-close-button-inactive.bmp"}
			}
		},
		"help-button":
		{
			"normal-state":
			{
				"button-image":{"file":"window-help-button-normal.bmp"}
			},
			"hover-state":
			{
				"button-image":{"file":"window-help-button-hover.bmp"}
			},
			"pressed-state":
			{
				"button-image":{"file":"window-help-button-pressed.bmp"}
			},
			"disabled-state": 
			{
				"button-image":{"file":"window-help-button-disabled.bmp"}
			},
			"inactive-state": 
			{
				"button-image":{"file":"window-help-button-inactive.bmp"}
			}
		}
	}
}
