{
	"meta-info":
	{
		"version":"22.2.0.3245"
	},
	"checkbox":
	{
		"drawing":true,
		"normal-state":
		{
			"text-font":{"color":"#000000"},
			"box-images":
			{
				"unchecked":{"file":"checkbox-box-normal-unchecked.bmp"},
				"checked":{"file":"checkbox-box-normal-checked.bmp"},
				"indeterminate":{"file":"checkbox-box-normal-indeterminate.bmp"}
			}
		},
		"hover-state":
		{
			"text-font":{"color":"#000000"},
			"box-images":
			{
				"unchecked":{"file":"checkbox-box-hover-unchecked.bmp"},
				"checked":{"file":"checkbox-box-hover-checked.bmp"},
				"indeterminate":{"file":"checkbox-box-hover-indeterminate.bmp"}
			}
		},
		"pressed-state":
		{
			"text-font":{"color":"#000000"},
			"box-images":
			{
				"unchecked":{"file":"checkbox-box-pressed-unchecked.bmp"},
				"checked":{"file":"checkbox-box-pressed-checked.bmp"},
				"indeterminate":{"file":"checkbox-box-pressed-indeterminate.bmp"}
			}
		},
		"focused-state":
		{
			"text-font":{"color":"#000000"},
			"box-images":
			{
				"unchecked":{"file":"checkbox-box-focused-unchecked.bmp"},
				"checked":{"file":"checkbox-box-focused-checked.bmp"},
				"indeterminate":{"file":"checkbox-box-focused-indeterminate.bmp"}
			}
		},
		"disabled-state":
		{
			"text-font":{"color":"#CCCCCC"},
			"box-images":
			{
				"unchecked":{"file":"checkbox-box-disabled-unchecked.bmp"},
				"checked":{"file":"checkbox-box-disabled-checked.bmp"},
				"indeterminate":{"file":"checkbox-box-disabled-indeterminate.bmp"}
			}
		}
	},
	"commandbutton":
	{
		"drawing":true,
		"normal-state":
		{
			"border-color":"#F68D38",
			"background-color":"#FFFFFF",
			"text-font":{"color":"#000000"}
		},
		"hover-state":
		{
			"border-color":"#E37F2E",
			"background-color":"#E37F2E",
			"text-font":{"color":"#FFFFFF"}
		},
		"pressed-state":
		{
			"border-color":"#CD6E22",
			"background-color":"#CD6E22",
			"text-font":{"color":"#FFFFFF"}
		},
		"focused-state":
		{
			"border-color":"#F68D38",
			"background-color":"#F68D38",
			"text-font":{"color":"#FFFFFF"}
		},
		"default-state":
		{
			"border-color":"#F68D38",
			"background-color":"#F68D38",
			"text-font":{"color":"#FFFFFF"}
		},
		"disabled-state":
		{
			"border-color":"#F7F7F7",
			"background-color":"#E1E1E1",
			"text-font":{"color":"#999999"}
		}
	},
	"datawindow":
	{
		"drawing":true,
		"background-color-enabled":true,
		"background-color":"#FFFFFF",
		"normal-state":
		{
			"border-color":"#CCCCCC"
		},
		"disabled-state":
		{
			"border-color":"#E1E1E1"
		},
		"dwo-button":
		{
			"drawing":true,
			"normal-state":
			{
				"border-color":"#F68D38",
				"background-color":"#FFFFFF",
				"text-font":{"color":"#000000"}
			},
			"hover-state":
			{
				"border-color":"#E37F2E",
				"background-color":"#E37F2E",
				"text-font":{"color":"#FFFFFF"}
			},
			"pressed-state":
			{
				"border-color":"#CD6E22",
				"background-color":"#CD6E22",
				"text-font":{"color":"#FFFFFF"}
			},
			"default-state":
			{
				"border-color":"#F68D38",
				"background-color":"#F68D38",
				"text-font":{"color":"#FFFFFF"}
			},
			"disabled-state":
			{
				"border-color":"#F7F7F7",
				"background-color":"#E1E1E1",
				"text-font":{"color":"#999999"}
			}
		},
		"dwo-column":
		{
			"drawing":true,
			"border":0,
			"border-color":"#CCCCCC",
			"background-color":"#FFFFFF",
			"text-font":{"color":"#000000"},
			"checkbox-type":
			{
				"drawing":true,
				"normal-state":
				{
					"box-images":
					{
						"unchecked":{"file":"checkbox-box-normal-unchecked.bmp"},
						"checked":{"file":"checkbox-box-normal-checked.bmp"},
						"indeterminate":{"file":"checkbox-box-normal-indeterminate.bmp"}
					}
				},
				"hover-state":
				{
					"box-images":
					{
						"unchecked":{"file":"checkbox-box-hover-unchecked.bmp"},
						"checked":{"file":"checkbox-box-hover-checked.bmp"},
						"indeterminate":{"file":"checkbox-box-hover-indeterminate.bmp"}
					}
				}
			},
			"dropdown-type":
			{
				"drawing":true,
				"selected-row-text-color":"#000000",
				"selected-row-background-color":"#F5D8C1",
				"unselected-row-background-color":"#FFFFFF",				
				"normal-state":
				{
					"background-color":"#FFFFFF",
					"arrow-image":{"file":"dropdownlistbox-arrow-normal.png"}
				},
				"hover-state":
				{
					"background-color":"#FFFFFF",
					"arrow-image":{"file":"dropdownlistbox-arrow-hover.png"}
				}
			},
			"editmask-type":
			{
				"drawing":true,
				"spin":
				{
					"normal-state":
					{
						"images":
						{
							"top-button":{"file":"dwo-editmask-spin-top-button-normal.png"},
							"bottom-button":{"file":"dwo-editmask-spin-bottom-button-normal.png"}
						}
					},
					"hover-state":
					{
						"images":
						{
							"top-button":{"file":"dwo-editmask-spin-top-button-hover.png"},
							"bottom-button":{"file":"dwo-editmask-spin-bottom-button-hover.png"}
						}
					}
				},
				"dropdownarrow":
				{
					"normal-state":
					{
						"arrow-image":{"file":"dropdownlistbox-arrow-normal.png"}
					},
					"hover-state":
					{
						"arrow-image":{"file":"dropdownlistbox-arrow-hover.png"}
					}
				}
			},
			"radiobuttons-type":
			{
				"drawing":true,
				"normal-state":
				{
					"radio-images":
					{
						"unchecked":{"file":"radiobutton-radio-normal-unchecked.png"},
						"checked":{"file":"radiobutton-radio-normal-checked.png"}
					}
				},
				"hover-state":
				{
					"radio-images":
					{
						"unchecked":{"file":"radiobutton-radio-hover-unchecked.png"},
						"checked":{"file":"radiobutton-radio-hover-checked.png"}
					}
				}
			}
		},
		"dwo-compute":
		{
			"drawing":true,
			"border":0,
			"border-color":"#CCCCCC",
			"background-color":"#FFFFFF",
			"text-font":{"color":"#000000"}
		},
		"dwo-graph":
		{
			"drawing":true,
			"border":0,
			"border-color":"#CCCCCC"
		},
		"dwo-groupbox":
		{
			"drawing":true,
			"border":0,
			"border-color":"#CCCCCC",
			"background-color":"#FFFFFF",
			"text-font":{"color":"#3C465A"}
		},
		"dwo-inkpicture":
		{
			"drawing":true,
			"border":0,
			"border-color":"#CCCCCC"
		},
		"dwo-ole":
		{
			"drawing":true,
			"border":0,
			"border-color":"#CCCCCC"
		},
		"dwo-oledatabaseblob":
		{
			"drawing":true,
			"border":0,
			"border-color":"#CCCCCC"
		},
		"dwo-picture":
		{
			"drawing":true,
			"border":0,
			"border-color":"#CCCCCC"
		},
		"dwo-tableblob":
		{
			"drawing":true,
			"border":0,
			"border-color":"#CCCCCC"
		},
		"dwo-text":
		{
			"drawing":true,
			"border":2,
			"border-color":"#CCCCCC",
			"background-color":"#FFFFFF",
			"text-font":{"color":"#000000"}
		},
		"cross-style":
		{
			"drawing":true,
			"head-band":
			{
				"background-color":"#F68D38",
				"dwo-text-font":{"color":"#FFFFFF"}
			},
			"detail-band":
			{
				"selected-row-text-color":"#000000",
				"selected-row-background-color":"#F5D8C1"
			},
			"grid-line":
			{
				"horizontal-line":true,
				"vertical-line":true,
				"line-color":"#CCCCCC"
			},
			"dwo-column":
			{
				"border":2,
				"border-color":"#CCCCCC",
				"background-color":"#FFFFFF",
				"text-font":{"color":"#000000"}
			},
			"dwo-text":
			{
				"border":2,
				"border-color":"#CCCCCC",
				"background-color":"#FFFFFF",
				"text-font":{"color":"#000000"}
			},
			"dwo-compute":
			{
				"border":2,
				"border-color":"#CCCCCC",
				"background-color":"#FFFFFF",
				"text-font":{"color":"#000000"}
			}
		},
		"grid-style":
		{
			"drawing":true,
			"head-band":
			{
				"background-color":"#F68D38",
				"dwo-text-font":{"color":"#FFFFFF"}
			},
			"detail-band":
			{
				"selected-row-text-color":"#000000",
				"selected-row-background-color":"#F5D8C1"
			},
			"grid-line":
			{
				"horizontal-line":true,
				"vertical-line":true,
				"line-color":"#CCCCCC"
			},
			"dwo-column":
			{
				"border":2,
				"border-color":"#CCCCCC",
				"background-color":"#FFFFFF",
				"text-font":{"color":"#000000"}
			},
			"dwo-text":
			{
				"border":2,
				"border-color":"#CCCCCC",
				"background-color":"#FFFFFF",
				"text-font":{"color":"#000000"}
			},
			"dwo-compute":
			{
				"border":2,
				"border-color":"#CCCCCC",
				"background-color":"#FFFFFF",
				"text-font":{"color":"#000000"}
			}
		}
	},
	"datepicker":
	{
		"drawing":true,
		"edit":
		{
			"normal-state":
			{
				"border-color":"#CCCCCC"
			},
			"hover-state":
			{
				"border-color":"#F68D38"
			},
			"focused-state":
			{
				"border-color":"#F68D38"
			},
			"disabled-state":
			{
				"border-color":"#E1E1E1"
			}
		},
		"dropdownarrow":
		{
			"normal-state":
			{
				"arrow-image":{"file":"datepicker-arrow-normal.bmp"}
			},
			"hover-state":
			{
				"arrow-image":{"file":"datepicker-arrow-hover.bmp"}
			},
			"focused-state":
			{
				"arrow-image":{"file":"datepicker-arrow-focused.bmp"}
			},
			"disabled-state":
			{
				"arrow-image":{"file":"datepicker-arrow-disabled.bmp"}
			}
		}
	},
	"dropdownlistbox":
	{
		"drawing":true,
		"normal-state":
		{
			"border-color":"#CCCCCC",
			"background-color":"#FFFFFF",
			"text-font":{"color":"#000000"},
			"arrow-image":{"file":"dropdownlistbox-arrow-normal.png"}
		},
		"hover-state":
		{
			"border-color":"#F68D38",
			"background-color":"#FFFFFF",
			"text-font":{"color":"#000000"},
			"arrow-image":{"file":"dropdownlistbox-arrow-hover.png"}
		},
		"focused-state":
		{
			"border-color":"#F68D38",
			"background-color":"#FFFFFF",
			"text-font":{"color":"#000000"},
			"arrow-image":{"file":"dropdownlistbox-arrow-focused.png"}
		},
		"disabled-state":
		{
			"border-color":"#E1E1E1",
			"background-color":"#FFFFFF",
			"text-font":{"color":"#999999"},
			"arrow-image":{"file":"dropdownlistbox-arrow-disabled.png"}
		}
	},
	"dropdownpicturelistbox":
	{
		"drawing":true,
		"normal-state":
		{
			"border-color":"#CCCCCC",
			"background-color":"#FFFFFF",
			"text-font":{"color":"#000000"},
			"arrow-image":{"file":"dropdownlistbox-arrow-normal.png"}
		},
		"hover-state":
		{
			"border-color":"#F68D38",
			"background-color":"#FFFFFF",
			"text-font":{"color":"#000000"},
			"arrow-image":{"file":"dropdownlistbox-arrow-hover.png"}
		},
		"focused-state":
		{
			"border-color":"#F68D38",
			"background-color":"#FFFFFF",
			"text-font":{"color":"#000000"},
			"arrow-image":{"file":"dropdownlistbox-arrow-focused.png"}
		},
		"disabled-state":
		{
			"border-color":"#E1E1E1",
			"background-color":"#FFFFFF",
			"text-font":{"color":"#999999"},
			"arrow-image":{"file":"dropdownlistbox-arrow-disabled.png"}
		}
	},
	"tabbedbar":
	{
		"drawing":true,
		"background-color":"#FFFFFF",
		"separator-color":"#CCCCCC",
		"border-bottom-color":"#F68D38",
		"item":
		{
			"normal-state":
			{
				"background-color":"#FFFFFF",
				"border-color":"#FFFFFF",
				"text-font":{"color":"#000000"}
			},
			"hover-state":
			{
				"background-color":"#FFEBDB",
				"border-color":"#FFEBDB",
				"text-font":{"color":"#000000"}
			},
			"selected-state":
			{
				"background-color":"#F68D38",
				"border-color":"#F68D38",
				"text-font":{"color":"#FFFFFF"}
			}
		},
		"close-button":
		{
			"normal-state":
			{
				"image":{"file":"tabbedbar-close-button-normal.png"}
			},
			"hover-state":
			{
				"image":{"file":"tabbedbar-close-button-hover.png"}
			},
			"pressed-state":
			{
				"image":{"file":"tabbedbar-close-button-pressed.png"}
			},
			"disabled-state":
			{
				"image":{"file":"tabbedbar-close-button-disabled.png"}
			}
		},
		"spin":
		{
			"normal-state":
			{
				"image":{"file":"tabbedbar-spin-normal.bmp"},
				"image-alltabsvisible":{"file":"tabbedbar-spin1-normal.bmp"}
			},
			"hover-state":
			{
				"image":{"file":"tabbedbar-spin-hover.bmp"},
				"image-alltabsvisible":{"file":"tabbedbar-spin1-hover.bmp"}
			},
			"pressed-state":
			{
				"image":{"file":"tabbedbar-spin-pressed.bmp"},
				"image-alltabsvisible":{"file":"tabbedbar-spin1-pressed.bmp"}
			},
			"disabled-state":
			{
				"image":{"file":"tabbedbar-spin-disabled.bmp"},
				"image-alltabsvisible":{"file":"tabbedbar-spin1-disabled.bmp"}
			}
		},
		"menu":
		{
			"border-color":"#CCCCCC",
			"background-color":"#FFFFFF",
			"separator-color":"#CCCCCC",
			"background-linear-gradient":
			{
				"color-stop1": "#FFFFFF",
				"color-stop2": "#FFFFFF"
			},             
			"item":
			{
				"normal-state": 
				{
					"border-color":"#FFFFFF",
					"background-color":"#FFFFFF",
					"text-font":{"color":"#000000"} 
				},
				"hover-state":
				{
					"border-color":"#F6D5BB",
					"background-color":"#F6D5BB",
					"text-font":{"color":"#000000"}
				},
				"pressed-state":
				{
					"border-color":"#EEBE97",
					"background-color":"#EEBE97",
					"text-font":{"color":"#000000"}
				},
				"disabled-state":
				{
					"border-color":"#FFFFFF",
					"background-color":"#FFFFFF",
					"text-font":{"color":"#999999"}
				}
			},
			"scroll-spinner":
			{
				"normal-state":
				{
					"border-color": "#CCCCCC",
					"background-color" : "#FFFFFF",
					"up-arrow-image" : { "file": "tabbedbar-scroll-spinnner-up.png" },
					"down-arrow-image" : { "file": "tabbedbar-scroll-spinnner-down.png" }
				},
				"hover-state":
				{
					"border-color": "#FFEBDB",
					"background-color" : "#FFEBDB",
					"up-arrow-image" : { "file": "tabbedbar-scroll-spinnner-up.png" },
					"down-arrow-image" : { "file": "tabbedbar-scroll-spinnner-down.png" }
				},
				"pressed-state":
				{
					"border-color": "#F5D8C1",
					"background-color" : "#F5D8C1",
					"up-arrow-image" : { "file": "tabbedbar-scroll-spinnner-up.png" },
					"down-arrow-image" : { "file": "tabbedbar-scroll-spinnner-down.png" }
				}
			}
		},
		"tooltip":
		{
			"background-color":"#FFFFFF",
			"border-color":"#CCCCCC",
			"text-font":{"color":"#000000"}
		}
	},
	"editmask":
	{
		"drawing":true,
		"edit":
		{
			"normal-state":
			{
				"border-color":"#CCCCCC",
				"background-color":"#FFFFFF",
				"text-font":{"color":"#000000"}
			},
			"hover-state":
			{
				"border-color":"#F68D38",
				"background-color":"#FFFFFF",
				"text-font":{"color":"#000000"}
			},
			"focused-state":
			{
				"border-color":"#F68D38",
				"background-color":"#FFFFFF",
				"text-font":{"color":"#000000"}
			},
			"disabled-state":
			{
				"border-color":"#E1E1E1",
				"background-color":"#FFFFFF"
			}
		},
		"spin":
		{
			"normal-state":
			{
				"images":
				{
					"top-button":{"file":"editmask-spin-top-button-normal.png"},
					"bottom-button":{"file":"editmask-spin-bottom-button-normal.png"}
				}
			},
			"hover-state":
			{
				"images": 
				{
					"top-button":{"file":"editmask-spin-top-button-hover.png"},
					"bottom-button":{"file":"editmask-spin-bottom-button-hover.png"}
				}
			},
			"pressed-state":
			{
				"images": 
				{
					"top-button":{"file":"editmask-spin-top-button-pressed.png"},
					"bottom-button":{"file":"editmask-spin-bottom-button-pressed.png"}
				}
			},
			"disabled-state":
			{
				"images": 
				{
					"top-button":{"file":"editmask-spin-top-button-disabled.png"},
					"bottom-button":{"file":"editmask-spin-bottom-button-disabled.png"}
				}
			}
		},
		"dropdownarrow":
		{
			"normal-state":
			{
				"arrow-image":{"file":"editmask-arrow-normal.png"}
			},
			"hover-state":
			{
				"arrow-image":{"file":"editmask-arrow-hover.png"}
			},
			"pressed-state":
			{
				"arrow-image":{"file":"editmask-arrow-pressed.png"}
			},
			"disabled-state":
			{
				"arrow-image":{"file":"editmask-arrow-disabled.png"}
			}
		}
	},
	"graph-colors":
	{
		"drawing":true,
		"palette": [ "#FD8448", "#4BE7C6", "#E45085", "#956BCE", "#3CD275", "#BA73FB", "#25A5FF", "#CC4C9A", "#7182A5", "#5A6DFF", "#13B7A8", "#4CC92F", "#4165FF", "#A0D414" ],
		"pie-edge":"#DCDCDC",
		"bar-edge":"#646464"
	},
	"graph-control":
	{
		"drawing":true,
		"normal-state":
		{
			"border-color":"#CCCCCC"
		},
		"hover-state":
		{
			"border-color":"#CCCCCC"
		},
		"focused-state":
		{
			"border-color":"#CCCCCC"
		},
		"disabled-state":
		{
			"border-color":"#E1E1E1"
		}
	},
	"groupbox":
	{
		"drawing":true,
		"background-transparent":true,
		"normal-state":
		{
			"border-color":"#CCCCCC",
			"background-color":"#FFFFFF",
			"text-font":{"color":"#000000"}
		},
		"disabled-state":
		{
			"border-color":"#E1E1E1",
			"background-color":"#FFFFFF",
			"text-font":{"color":"#999999"}
		}
	},
	"inkedit":
	{
		"drawing":true,
		"normal-state":
		{
			"border-color":"#CCCCCC",
			"background-color":"#FFFFFF",
			"text-font":{"color":"#000000"}
		},
		"hover-state":
		{
			"border-color":"#CCCCCC",
			"background-color":"#FFFFFF",
			"text-font":{"color":"#000000"}
		},
		"focused-state":
		{
			"border-color":"#CCCCCC",
			"background-color":"#FFFFFF",
			"text-font":{"color":"#000000"}
		},
		"disabled-state":
		{
			"border-color":"#E1E1E1",
			"text-font":{"color":"#CCCCCC"}
		}

	},
	"inkpicture":
	{
		"drawing":true,
		"normal-state":
		{
			"border-color":"#CCCCCC"
		},
		"disabled-state":
		{
			"border-color":"#E1E1E1"
		}
	},
	"listbox":
	{
		"drawing":true,
		"normal-state":
		{
			"border-color":"#CCCCCC",
			"background-color":"#FFFFFF"
		},
		"hover-state": 
		{
			"border-color":"#CCCCCC",
			"background-color":"#FFFFFF"
		},
		"disabled-state":
		{
			"border-color":"#E1E1E1",
			"background-color":"#FFFFFF"
		},
		"item":
		{
			"normal-state":
			{
				"background-color":"#FFFFFF",
				"text-font":{"color":"#000000"}
			},
			"hover-state":
			{
				"background-color":"#FFEBDB",
				"text-font":{"color":"#000000"}
			},
			"selected-state":
			{
				"background-color":"#F5D8C1",
				"text-font":{"color":"#000000"}
			},
			"disabled-state": 
			{
				"background-color":"#FFFFFF",
				"text-font":{"color":"#999999"}
			}
		}
	},
	"listview":
	{
		"drawing":true,
		"normal-state":
		{
			"border-color":"#CCCCCC",
			"background-color":"#FFFFFF"
		},
		"hover-state": 
		{
			"border-color":"#CCCCCC",
			"background-color":"#FFFFFF"
		},
		"disabled-state":
		{
			"border-color":"#E1E1E1",
			"background-color":"#FFFFFF"
		},
		"item":
		{
			"normal-state":
			{
				"background-color":"#FFFFFF",
				"text-font":{"color":"#000000"}
			},
			"hover-state":
			{
				"background-color":"#FFEBDB",
				"text-font":{"color":"#000000"}
			},
			"selected-state":
			{
				"background-color":"#F5D8C1",
				"text-font":{"color":"#000000"}
			},
			"disabled-state": 
			{
				"background-color":"#FFFFFF",
				"text-font":{"color":"#999999"}
			}
		},
		"checkbox":
		{
			"normal-state":
			{
				"images":
				{
					"unchecked":{"file":"listview-checkbox-unchecked.ico"},
					"checked":{"file":"listview-checkbox-checked.ico"}
				}
			}
		}
	},
	"menu":
	{
		"drawing":true,
		"menubar":
		{
			"background-color":"#F2F2F2",
			"menuitem":
			{
				"normal-state":
				{
					"text-font":{"color":"#000000"},
					"background-color":"#F2F2F2" 
				},
				"hover-state":
				{
					"text-font":{"color":"#000000"},
					"background-color":"#EFD0B8"
				},
				"selected-state":
				{
					"text-font":{"color":"#000000"},
					"background-color":"#E4B590"
				},
				"disabled-state":
				{
					"text-font":{"color":"#999999"},
					"background-color":"#F2F2F2"
				}
			}
		},
		"popupmenu":
		{
			"border-color":"#CCCCCC",
			"separator-color":"#CCCCCC",
			"background-color":"#FFFFFF",
			"bitmap-background-color":"#FFFFFF",
			"bitmap-gradient":false,
			"title-background-color":"#ECECEC",
			"title-text-font":{"color":"#000000"},
			"title-gradient":false,
			"menuitem":
			{
				"normal-state":
				{
					"text-font":{"color":"#000000"},
					"background-color":"#FFFFFF" 
				},
				"selected-state":
				{
					"text-font":{"color":"#000000"},
					"background-color":"#EFD0B8"
				},
				"disabled-state":
				{
					"text-font":{"color":"#999999"},
					"background-color":"#FFFFFF"
				}
			}
		},
		"toolbar":
		{
			"border-color":"#D9D9D9",
			"background-color":"#F2F2F2",		
			"grabbar-color":"#666666",
			"separator-color":"#CCCCCC",
			"arrow-color":"#666666",
			"bitmap-background-color":"#F2F2F2",
			"item":
			{
				"normal-state":
				{
					"text-font":{"color":"#000000"}		
				},
				"hover-state":
				{
					"text-font":{"color":"#000000"},
					"background-color":"#FFEBDB"
				},
				"selected-state":
				{
					"text-font":{"color":"#000000"},
					"background-color":"#F5D8C1"
				},
				"checked-state":
				{
					"text-font":{"color":"#000000"},
					"background-color":"#EFD0B8"
				},
				"disabled-state":
				{
					"text-font":{"color":"#999999"}
				}
			},
			"dropdownarrow":
			{
				"normal-state":
				{	
					"background-color":"#F2F2F2"			
				},
				"hover-state":
				{			
					"background-color":"#CCCCCC"			
				},
				"disabled-state":
				{			
					"background-color":"#F2F2F2"
				}
			},
			"tooltip":
			{
				"border-color":"#CCCCCC",
				"background-color":"#FFFFFF",
				"text-font":{"color":"#000000"}
			}
		}
	},
	"monthcalendar":
	{
		"drawing":true,
		"normal-state":
		{
			"border-color":"#CCCCCC",
			"background-color":"#FFFFFF"
		},
		"hover-state":
		{
			"border-color":"#CCCCCC",
			"background-color":"#FFFFFF"
		},
		"disabled-state":
		{
			"border-color":"#E1E1E1",
			"background-color":"#FFFFFF"
		}
	},
	"multilineedit":
	{
		"drawing":true,
		"normal-state":
		{
			"border-color":"#CCCCCC",
			"background-color":"#FFFFFF",
			"text-font":{"color":"#000000"}
		},
		"hover-state":
		{
			"border-color":"#F68D38",
			"background-color":"#FFFFFF",
			"text-font":{"color":"#3C465A"}
		},
		"focused-state":
		{
			"border-color":"#F68D38",
			"background-color":"#FFFFFF",
			"text-font":{"color":"#000000"}
		},
		"disabled-state":
		{
			"border-color":"#E1E1E1",
			"background-color":"#FFFFFF"
		}
	},
	"olecontrol":
	{
		"drawing":true,
		"normal-state":
		{
			"border-color":"#CCCCCC"
		},
		"hover-state":
		{
			"border-color":"#CCCCCC"
		},
		"disabled-state":
		{
			"border-color":"#E1E1E1"
		}
	},
	"olecustomcontrol":
	{
		"drawing":true,
		"normal-state":
		{
			"border-color":"#CCCCCC"
		},
		"hover-state":
		{
			"border-color":"#CCCCCC"
		},
		"disabled-state":
		{
			"border-color":"#E1E1E1"
		}
	},
	"picturebutton":
	{
		"drawing":true,
		"normal-state":
		{
			"border-color":"#F68D38",
			"background-color":"#FFFFFF",
			"text-font":{"color":"#000000"}
		},
		"hover-state":
		{
			"border-color":"#E37F2E",
			"background-color":"#E37F2E",
			"text-font":{"color":"#FFFFFF"}
		},
		"pressed-state":
		{
			"border-color":"#CD6E22",
			"background-color":"#CD6E22",
			"text-font":{"color":"#FFFFFF"}
		},
		"focused-state":
		{
			"border-color":"#F68D38",
			"background-color":"#F68D38",
			"text-font":{"color":"#FFFFFF"}
		},
		"disabled-state":
		{
			"border-color":"#CCCCCC",
			"background-color":"#FFFFFF",
			"text-font":{"color":"#999999"}
		}
	},
	"picturelistbox":
	{
		"drawing":true,
		"normal-state":
		{
			"border-color":"#CCCCC",
			"background-color":"#FFFFFF"
		},
		"hover-state": 
		{
			"border-color":"#CCCCCC",
			"background-color":"#FFFFFF"
		},
		"disabled-state":
		{
			"border-color":"#E1E1E1",
			"background-color":"#FFFFFF"
		},
		"item":
		{
			"normal-state":
			{
				"background-color":"#FFFFFF",
				"text-font":{"color":"#000000"}
			},
			"hover-state":
			{
				"background-color":"#FFEBDB",
				"text-font":{"color":"#000000"}
			},
			"selected-state":
			{
				"background-color":"#F5D8C1",
				"text-font":{"color":"#000000"}
			},
			"disabled-state": 
			{
				"background-color":"#FFFFFF",
				"text-font":{"color":"#999999"}
			}
		}
	},
	"hprogressbar":
	{
		"drawing":true,
		"normal-state":
		{
			"background-color":"#FFF2E7",
			"foreground-color":"#F68D38"
		}
	},
	"vprogressbar":
	{
		"drawing":true,
		"normal-state":
		{
			"background-color":"#FFF2E7",
			"foreground-color":"#F68D38"
		}
	},
	"radiobutton":
	{
		"drawing":true,
		"normal-state":
		{
			"text-font":{"color":"#000000"},
			"radio-images":
			{
				"unchecked":{"file":"radiobutton-radio-normal-unchecked.png"},
				"checked":{"file":"radiobutton-radio-normal-checked.png"}
			}
		},
		"hover-state":
		{
			"text-font":{"color":"#000000"},
			"radio-images":
			{
				"unchecked":{"file":"radiobutton-radio-hover-unchecked.png"},
				"checked":{"file":"radiobutton-radio-hover-checked.png"}
			}
		},
		"pressed-state":
		{
			"text-font":{"color":"#000000"},
			"radio-images":
			{
				"unchecked":{"file":"radiobutton-radio-pressed-unchecked.png"},
				"checked":{"file":"radiobutton-radio-pressed-checked.png"}
			}
		},
		"focused-state":
		{
			"text-font":{"color":"#000000"},
			"radio-images":
			{
				"unchecked":{"file":"radiobutton-radio-focused-unchecked.png"},
				"checked":{"file":"radiobutton-radio-focused-checked.png"}
			}
		},
		"disabled-state":
		{
			"text-font":{"color":"#999999"},
			"radio-images":
			{
				"unchecked":{"file":"radiobutton-radio-disabled-unchecked.png"},
				"checked":{"file":"radiobutton-radio-disabled-checked.png"}
			}
		}
	},
	"ribbonbar":
	{
		"drawing":true,
		"popup-shadow-color":"#E6E6E6",
		"normal-state":
		{
			"background-color":"#FFFFFF"
		},
		"disabled-state":
		{
			"background-color":"#FFFFFF"
		},
		"minimized-bottomline":
		{
			"normal-state":
			{
				"color":"#D9D9D9"
			},
			"disabled-state":
			{
				"color":"#E5E5E5"
			}
		},
		"applicationbutton":
		{
				"normal-state":
				{
					"border-color":"#FAB06F",
					"background-color":"#FAB06F",
					"text-font":{"color":"#FFFFFF"}
				},
				"hover-state":
				{
					"border-color":"#E99557",
					"background-color":"#E99557",
					"text-font":{"color":"#FFFFFF"}
				},
				"pressed-state":
				{
					"border-color":"#DB8546",
					"background-color":"#DB8546",
					"text-font":{"color":"#FFFFFF"}
				},
				"disabled-state":
				{
					"border-color":"#FFD4AD",
					"background-color":"#FFD4AD",
					"text-font":{"color":"#FFEFE1"}
				}
		},
		"category":
		{
			"content":
			{
				"active-state":
				{
					"border-color":"#CCCCCC",
					"background-color":"#F4F4F4"
				},
				"disabled-state":
				{
					"border-color":"#E1E1E1",
					"background-color":"#F4F4F4"
				}
			},
			"header":
			{
				"normal-state":
				{
					"border-color":"#FFFFFF",
					"background-color":"#FFFFFF",
					"text-font":{"color":"#000000"}
				},
				"hover-state":
				{
					"border-color":"#E5E5E5",
					"background-color":"#FAFAFA",
					"text-font":{"color":"#000000"}
				},
				"pressed-state":
				{
					"border-color":"#D9D9D9",
					"background-color":"#F4F4F4",
					"text-font":{"color":"#000000"}
				},
				"active-state":
				{
					"border-color":"#CCCCCC",
					"background-color":"#F4F4F4",
					"text-font":{"color":"#000000"}
				},
				"disabled-state":
				{
					"border-color":"#FFFFFF",
					"background-color":"#FFFFFF",
					"text-font":{"color":"#999999"}
				}
			},
			"separator":
			{
				"active-state":
				{
					"color":"#CCCCCC"
				},
				"disabled-state":
				{
					"color":"#E1E1E1"
				}
			},
			"scrollbutton":
			{
				"normal-state":
				{
					"border-color":"#CCCCCC",
					"background-color":"#FFFFFF",
					"images":
					{
						"left-scroll-button":{"file":"left-scroll-button-normal.png"},
						"right-scroll-button":{"file":"right-scroll-button-normal.png"}
					}
				},
				"hover-state":
				{
					"border-color":"#EEE2D8",
					"background-color":"#EEE2D8",
					"images":
					{
						"left-scroll-button":{"file":"left-scroll-button-normal.png"},
						"right-scroll-button":{"file":"right-scroll-button-normal.png"}
					}
				},
				"pressed-state":
				{
					"border-color":"#EBD6C5",
					"background-color":"#EBD6C5",
					"images":
					{
						"left-scroll-button":{"file":"left-scroll-button-normal.png"},
						"right-scroll-button":{"file":"right-scroll-button-normal.png"}
					}
				},
				"disabled-state":
				{
					"border-color":"#CCCCCC",
					"background-color":"#FFFFFF",
					"images":
					{
						"left-scroll-button":{"file":"left-scroll-button-disabled.png"},
						"right-scroll-button":{"file":"right-scroll-button-disabled.png"}
					}
				}
			}
		},
		"panel":
		{
			"normal-state":
			{
				"border-color":"#CCCCCC",
				"background-color":"#F4F4F4",
				"text-font":{"color":"#000000"}
			},
			"disabled-state":
			{
				"border-color":"#E1E1E1",
				"background-color":"#F4F4F4",
				"text-font":{"color":"#999999"}
			},
			"button":
			{
				"normal-state":
				{
					"border-color":"#F4F4F4",
					"background-color":"#F4F4F4",
					"text-font":{"color":"#000000"},
					"arrow-image":{"file":"dropdown-arrow-normal.png"}
				},
				"hover-state":
				{
					"border-color":"#EEE2D8",
					"background-color":"#EEE2D8",
					"text-font":{"color":"#000000"},
					"arrow-image":{"file":"dropdown-arrow-normal.png"}
				},
				"pressed-state":
				{
					"border-color":"#EBD6C5",
					"background-color":"#EBD6C5",
					"text-font":{"color":"#000000"},
					"arrow-image":{"file":"dropdown-arrow-normal.png"}
				},
				"disabled-state":
				{
					"border-color":"#F4F4F4",
					"background-color":"#F4F4F4",
					"text-font":{"color":"#999999"},
					"arrow-image":{"file":"dropdown-arrow-disabled.png"}
				}
			}
		},
		"checkbox":
		{
			"normal-state":
			{
				"background-color":"#F4F4F4",
				"text-font":{"color":"#000000"},
				"box-images":
				{
					"unchecked":{"file":"checkbox-box-normal-unchecked.bmp"},
					"checked":{"file":"checkbox-box-normal-checked.bmp"},
					"indeterminate":{"file":"checkbox-box-normal-indeterminate.bmp"}
				}
			},
			"hover-state":
			{
				"background-color":"#F4F4F4",
				"text-font":{"color":"#000000"},
				"box-images":
				{
					"unchecked":{"file":"checkbox-box-hover-unchecked.bmp"},
					"checked":{"file":"checkbox-box-hover-checked.bmp"},
					"indeterminate":{"file":"checkbox-box-hover-indeterminate.bmp"}
				}
			},
			"pressed-state":
			{
				"background-color":"#F4F4F4",
				"text-font":{"color":"#000000"},
				"box-images":
				{
					"unchecked":{"file":"checkbox-box-pressed-unchecked.bmp"},
					"checked":{"file":"checkbox-box-pressed-checked.bmp"},
					"indeterminate":{"file":"checkbox-box-pressed-indeterminate.bmp"}
				}
			},
			"disabled-state":
			{
				"background-color":"#F4F4F4",
				"text-font":{"color":"#999999"},
				"box-images":
				{
					"unchecked":{"file":"checkbox-box-disabled-unchecked.bmp"},
					"checked":{"file":"checkbox-box-disabled-checked.bmp"},
					"indeterminate":{"file":"checkbox-box-disabled-indeterminate.bmp"}
				}
			}
		},
		"combobox":
		{
			"normal-state":
			{
				"background-color":"#F4F4F4"
			},
			"disabled-state":
			{
				"background-color":"#F4F4F4"
			},
			"label":
			{
				"normal-state":
				{
					"text-font":{"color":"#000000"}
				},
				"disabled-state":
				{
					"text-font":{"color":"#999999"}
				}
			},
			"dropdownlist":
			{
				"normal-state":
				{
					"border-color":"#CCCCCC",
					"background-color":"#FFFFFF",
					"arrow-image":{"file":"dropdown-arrow-normal.png"}
				},
				"hover-state":
				{
					"border-color":"#F68D38",
					"background-color":"#FFFFFF",
					"arrow-image":{"file":"dropdown-arrow-normal.png"}
				},
				"pressed-state":
				{
					"border-color":"#F68D38",
					"background-color":"#FFFFFF",
					"arrow-image":{"file":"dropdown-arrow-normal.png"}
				},
				"focused-state":
				{
					"border-color":"#F68D38",
					"background-color":"#FFFFFF",
					"arrow-image":{"file":"dropdown-arrow-normal.png"}
				},
				"disabled-state":
				{
					"border-color":"#E1E1E1",
					"background-color":"#FFFFFF",
					"arrow-image":{"file":"dropdown-arrow-disabled.png"}
				},
				"edit":
				{
					"normal-state":
					{
						"background-color":"#FFFFFF",
						"text-font":{"color":"#000000"}
					},
					"hover-state":
					{
						"background-color":"#FFFFFF",
						"text-font":{"color":"#FFFFFF"}
					},
					"pressed-state":
					{
						"background-color":"#FFFFFF",
						"text-font":{"color":"#000000"}
					},
					"focused-state":
					{
						"background-color":"#FFFFFF",
						"text-font":{"color":"#000000"}
					},
					"disabled-state":
					{
						"background-color":"#FFFFFF",
						"text-font":{"color":"#999999"}
					}
				},
				"dropdown":
				{
					"border-color":"#CCCCCC",
					"normal-state":
					{
						"background-color":"#FFFFFF",
						"text-font":{"color":"#000000"}
					},
					"hover-state":
					{
						"background-color":"#FFEBDB",
						"text-font":{"color":"#000000"}
					},
					"disabled-state":
					{
						"background-color":"#FFFFFF",
						"text-font":{"color":"#999999"}
					}
				}
			}
		},
		"largebutton":
		{
			"normal-state":
			{
				"border-color":"#F4F4F4",
				"background-color":"#F4F4F4",
				"text-font":{"color":"#000000"},
				"arrow-image":{"file":"dropdown-arrow-normal.png"}
			},
			"hover-state":
			{
				"border-color":"#EEE2D8",
				"background-color":"#EEE2D8",
				"text-font":{"color":"#000000"},
				"arrow-image":{"file":"dropdown-arrow-normal.png"}
			},
			"checked-state":
			{
				"border-color":"#EBD6C5",
				"background-color":"#EBD6C5",
				"text-font":{"color":"#000000"},
				"arrow-image":{"file":"dropdown-arrow-normal.png"}
			},
			"pressed-state":
			{
				"border-color":"#EBD6C5",
				"background-color":"#EBD6C5",
				"text-font":{"color":"#000000"},
				"arrow-image":{"file":"dropdown-arrow-normal.png"}
			},
			"disabled-state":
			{
				"border-color":"#F4F4F4",
				"background-color":"#F4F4F4",
				"text-font":{"color":"#999999"},
				"arrow-image":{"file":"dropdown-arrow-disabled.png"}
			}
		},
		"menu":
		{
			"border-color":"#CCCCCC",
			"background-color":"#FFFFFF",
			"item":
			{
				"normal-state":
				{
					"border-color":"#FFFFFF",
					"background-color":"#FFFFFF",
					"text-font":{"color":"#000000"},
					"arrow-image":{"file":"right.png"}
				},
				"hover-state":
				{
					"border-color":"#FFEBDB",
					"background-color":"#FFEBDB",
					"text-font":{"color":"#000000"},
					"arrow-image":{"file":"right.png"}
				},
				"checked-state":
				{
					"border-color":"#F5D8C1",
					"background-color":"#F5D8C1"
				},
				"pressed-state":
				{
					"border-color":"#F5D8C1",
					"background-color":"#F5D8C1",
					"text-font":{"color":"#000000"},
					"arrow-image":{"file":"right.png"}
				},
				"disabled-state":
				{
					"border-color":"#FFFFFF",
					"background-color":"#FFFFFF",
					"text-font":{"color":"#999999"},
					"arrow-image":{"file":"right-disable.png"}
				}
			}
		},
		"smallbutton":
		{
			"normal-state":
			{
				"border-color":"#F4F4F4",
				"background-color":"#F4F4F4",
				"text-font":{"color":"#000000"},
				"arrow-image":{"file":"dropdown-arrow-normal.png"}
			},
			"hover-state":
			{
				"border-color":"#EEE2D8",
				"background-color":"#EEE2D8",
				"text-font":{"color":"#000000"},
				"arrow-image":{"file":"dropdown-arrow-normal.png"}
			},
			"checked-state":
			{
				"border-color":"#EBD6C5",
				"background-color":"#EBD6C5",
				"text-font":{"color":"#000000"},
				"arrow-image":{"file":"dropdown-arrow-normal.png"}
			},
			"pressed-state":
			{
				"border-color":"#EBD6C5",
				"background-color":"#EBD6C5",
				"text-font":{"color":"#000000"},
				"arrow-image":{"file":"dropdown-arrow-normal.png"}
			},
			"disabled-state":
			{
				"border-color": "#F4F4F4",
				"background-color":"#F4F4F4",
				"text-font":{"color":"#999999"},
				"arrow-image":{"file":"dropdown-arrow-disabled.png"}
			}
		},
		"tabbutton":
		{
			"normal-state":
			{
				"border-color":"#FFFFFF",
				"background-color":"#FFFFFF",
				"text-font":{"color":"#000000"},
				"arrow-image":{"file":"dropdown-arrow-normal.png"}
			},
			"hover-state":
			{
				"border-color":"#FFEBDB",
				"background-color":"#FFEBDB",
				"text-font":{"color":"#000000"},
				"arrow-image":{"file":"dropdown-arrow-normal.png"}
			},
			"checked-state":
			{
				"border-color":"#F5D8C1",
				"background-color":"#F5D8C1",
				"text-font":{"color":"#000000"},
				"arrow-image":{"file":"dropdown-arrow-normal.png"}
			},
			"pressed-state":
			{
				"border-color":"#F5D8C1",
				"background-color":"#F5D8C1",
				"text-font":{"color":"#000000"},
				"arrow-image":{"file":"dropdown-arrow-normal.png"}
			},
			"disabled-state":
			{
				"border-color":"#FFFFFF",
				"background-color":"#FFFFFF",
				"text-font":{"color":"#999999"},
				"arrow-image":{"file":"dropdown-arrow-disabled.png"}
			}
		},
		"tooltip":
		{
			"background-color":"#FFFFFF",
			"border-color":"#CCCCCC",
			"text-font":{"color":"#000000"}
		}
	},
	"richtextedit":
	{
		"drawing":true,
		"normal-state":
		{
			"border-color":"#CCCCCC"
		},
		"hover-state":
		{
			"border-color":"#CCCCCC"
		},
		"focused-state":
		{
			"border-color":"#CCCCCC"
		},
		"disabled-state":
		{
			"border-color":"#E1E1E1"
		}
	},
	"hscrollbar":
	{
		"drawing":true,
		"groove":
		{
			"height":14,
			"normal-state":
			{
				"background-color":"#FFF2E8"
			},
			"disabled-state":
			{
				"background-color":"#FFF2E8"
			}
		},
		"thumb":
		{
			"normal-state":
			{
				"background-color":"#EFC2A0"
			},
			"hover-state":
			{
				"background-color":"#F68D38"
			},
			"pressed-state":
			{
				"background-color":"#CD6E22"
			},
			"disabled-state":
			{
				"background-color":"#F9E6D7"
			}
		},
		"sizebox":
		{
			"normal-state":
			{
				"background-color":"#FFFFFF"
			},
			"disabled-state":
			{
				"background-color":"#FFFFFF"
			}
		},
		"arrow":
		{
			"normal-state":
			{
				"images":
				{
					"left-button":{"file":"hscrollbar-left-button-normal.bmp"},
					"right-button":{"file":"hscrollbar-right-button-normal.bmp"}
				}
			},
			"hover-state":
			{
				"images":
				{
					"left-button":{"file":"hscrollbar-left-button-hover.bmp"},
					"right-button":{"file":"hscrollbar-right-button-hover.bmp"}
				}
			},
			"pressed-state":
			{
				"images":
				{
					"left-button":{"file":"hscrollbar-left-button-pressed.bmp"},
					"right-button":{"file":"hscrollbar-right-button-pressed.bmp"}
				}
			},
			"disabled-state":
			{
				"images":
				{
					"left-button":{"file":"hscrollbar-left-button-disabled.bmp"},
					"right-button":{"file":"hscrollbar-right-button-disabled.bmp"}
				}
			}
		}
	},
	"vscrollbar":
	{
		"drawing":true,
		"groove":
		{
			"width":14,
			"normal-state":
			{
				"background-color":"#FFF2E8"
			},
			"disabled-state":
			{
				"background-color":"#FFF2E8"
			}
		},
		"thumb":
		{
			"normal-state":
			{
				"background-color":"#EFC2A0"
			},
			"hover-state":
			{
				"background-color":"#F68D38"
			},
			"pressed-state":
			{
				"background-color":"#CD6E22"
			},
			"disabled-state":
			{
				"background-color":"#F9E6D7"
			}
		},
		"sizebox":
		{
			"normal-state":
			{
				"background-color":"#FFFFFF"
			},
			"disabled-state":
			{
				"background-color":"#FFFFFF"
			}
		},
		"arrow":
		{
			"normal-state":
			{
				"images":
				{
					"top-button":{"file":"vscrollbar-top-button-normal.bmp"},
					"bottom-button":{"file":"vscrollbar-bottom-button-normal.bmp"}
				}
			},
			"hover-state":
			{
				"images":
				{
					"top-button":{"file":"vscrollbar-top-button-hover.bmp"},
					"bottom-button":{"file":"vscrollbar-bottom-button-hover.bmp"}
				}
			},
			"pressed-state":
			{
				"images":
				{
					"top-button":{"file":"vscrollbar-top-button-pressed.bmp"},
					"bottom-button":{"file":"vscrollbar-bottom-button-pressed.bmp"}
				}
			},
			"disabled-state":
			{
				"images":
				{
					"top-button":{"file":"vscrollbar-top-button-disabled.bmp"},
					"bottom-button":{"file":"vscrollbar-bottom-button-disabled.bmp"}
				}
			}
		}
	},
	"singlelineedit":
	{
		"drawing":true,
		"normal-state":
		{
			"border-color":"#CCCCCC",
			"background-color":"#FFFFFF",
			"text-font":{"color":"#000000"}
		},
		"hover-state":
		{
			"border-color":"#F68D38",
			"background-color":"#FFFFFF",
			"text-font":{"color":"#000000"}
		},
		"focused-state":
		{
			"border-color":"#F68D38",
			"background-color":"#FFFFFF",
			"text-font":{"color":"#000000"}
		},
		"disabled-state":
		{
			"border-color":"#E1E1E1",
			"background-color":"#FFFFFF"
		},
		"placeholder":
		{
			"text-font":{"color":"#B2B2B2"}
		}
	},
	"statichyperlink":
	{
		"drawing":true,
		"border":0,
		"background-transparent":true,
		"normal-state":
		{
			"background-color":"#FFFFFF",
			"text-font":{"color":"#2D7DFF"}
		},
		"disabled-state":
		{
			"background-color":"#FFFFFF",
			"text-font":{"color":"#96BEFF"}
		}
	},
	"statictext":
	{
		"drawing":true,
		"border":0,
		"background-transparent":true,
		"normal-state":
		{
			"background-color":"#FFFFFF",
			"text-font":{"color":"#000000"}
		},
		"disabled-state":
		{
			"background-color":"#FFFFFF",
			"text-font":{"color":"#999999"}
		}
	},
	"tab":
	{
		"drawing":true,
		"background-color":"#FFFFFF",
		"navigator":
		{
			"normal-state":
			{
				"background-color":"#FFFFFF",
				"text-font":{"color":"#000000"}
			},
			"hover-state":
			{
				"background-color":"#FFEBDB",
				"text-font":{"color":"#000000"}
			},
			"focused-state":
			{
				"background-color":"#F68D38",
				"text-font":{"color":"#FFFFFF"}
			},
			"selected-state":
			{
				"background-color":"#F68D38",
				"text-font":{"color":"#FFFFFF"}
			},
			"disabled-state":
			{
				"background-color":"#FFFFFF",
				"text-font":{"color":"#999999"}
			}
		},
		"page":
		{
			"border-color":"#CCCCCC",
			"separator-width":2,
			"separator-color":"#F68D38",
			"background-color":"#FFFFFF"
		},
		"spin":
		{
			"normal-state":
			{
				"images":
				{
					"top-button":{"file":"tab-spin-top-button-normal.bmp"},
					"bottom-button":{"file":"tab-spin-bottom-button-normal.bmp"},
					"left-button":{"file":"tab-spin-left-button-normal.bmp"},
					"right-button":{"file":"tab-spin-right-button-normal.bmp"}
				}
			},
			"hover-state":
			{
				"images":
				{
					"top-button":{"file":"tab-spin-top-button-hover.bmp"},
					"bottom-button":{"file":"tab-spin-bottom-button-hover.bmp"},
					"left-button":{"file":"tab-spin-left-button-hover.bmp"},
					"right-button":{"file":"tab-spin-right-button-hover.bmp"}
				}
			},
			"pressed-state":
			{
				"images":
				{
					"top-button":{"file":"tab-spin-top-button-pressed.bmp"},
					"bottom-button":{"file":"tab-spin-bottom-button-pressed.bmp"},
					"left-button":{"file":"tab-spin-left-button-pressed.bmp"},
					"right-button":{"file":"tab-spin-right-button-pressed.bmp"}
				}
			},
			"disabled-state":
			{
				"images":
				{
					"top-button":{"file":"tab-spin-top-button-disabled.bmp"},
					"bottom-button":{"file":"tab-spin-bottom-button-disabled.bmp"},
					"left-button":{"file":"tab-spin-left-button-disabled.bmp"},
					"right-button":{"file":"tab-spin-right-button-disabled.bmp"}
				}
			}
		}
	},
	"htrackbar":
	{
		"drawing":true,
		"normal-state":
		{
			"background-color":"#FFFFFF"
		},
		"slider":
		{
			"normal-state":
			{
				"foreground-color":"#F68D38",
				"background-color":"#FFF2E7"
			}
		},
		"thumb":
		{
			"normal-state":
			{
				"images":
				{
					"top-thumb":{"file":"htrackbar-top-thumb-normal.png"},
					"bottom-thumb":{"file":"htrackbar-bottom-thumb-normal.png"},
					"both-thumb":{"file":"htrackbar-both-thumb-normal.png"}
				}
			},
			"hover-state":
			{
				"images":
				{
					"top-thumb":{"file":"htrackbar-top-thumb-hover.png"},
					"bottom-thumb":{"file":"htrackbar-bottom-thumb-hover.png"},
					"both-thumb":{"file":"htrackbar-both-thumb-hover.png"}
				}
			},
			"pressed-state":
			{
				"images":
				{
					"top-thumb":{"file":"htrackbar-top-thumb-pressed.png"},
					"bottom-thumb":{"file":"htrackbar-bottom-thumb-pressed.png"},
					"both-thumb":{"file":"htrackbar-both-thumb-pressed.png"}
				}
			}
		}
	},
	"vtrackbar":
	{
		"drawing":true,
		"normal-state":
		{
			"background-color":"#FFFFFF"
		},
		"slider":
		{
			"normal-state":
			{
				"foreground-color":"#F68D38",
				"background-color":"#FFF2E7"
			}
		},
		"thumb":
		{
			"normal-state":
			{
				"images":
				{
					"left-thumb":{"file":"vtrackbar-left-thumb-normal.png"},
					"right-thumb":{"file":"vtrackbar-right-thumb-normal.png"},
					"both-thumb":{"file":"vtrackbar-both-thumb-normal.png"}
				}
			},
			"hover-state":
			{
				"images":
				{
					"left-thumb":{"file":"vtrackbar-left-thumb-hover.png"},
					"right-thumb":{"file":"vtrackbar-right-thumb-hover.png"},
					"both-thumb":{"file":"vtrackbar-both-thumb-hover.png"}
				}
			},
			"pressed-state":
			{
				"images":
				{
					"left-thumb":{"file":"vtrackbar-left-thumb-pressed.png"},
					"right-thumb":{"file":"vtrackbar-right-thumb-pressed.png"},
					"both-thumb":{"file":"vtrackbar-both-thumb-pressed.png"}
				}
			}
		}
	},
	"treeview":
	{
		"drawing":true,
		"normal-state":
		{
			"border-color":"#CCCCCC",
			"background-color":"#FFFFFF"
		},
		"hover-state": 
		{
			"border-color":"#CCCCCC",
			"background-color":"#FFFFFF"
		},
		"disabled-state":
		{
			"border-color":"#E1E1E1",
			"background-color":"#FFFFFF"
		},
		"item":
		{
			"normal-state":
			{
				"background-color":"#FFFFFF",
				"text-font":{"color":"#000000"}
			},
			"hover-state":
			{
				"background-color":"#FFEBDB",
				"text-font":{"color":"#000000"}
			},
			"selected-state":
			{
				"background-color":"#F5D8C1",
				"text-font":{"color":"#000000"}
			},
			"disabled-state": 
			{
				"background-color":"#FFFFFF",
				"text-font":{"color":"#999999"}
			}
		},
		"checkbox":
		{
			"normal-state":
			{
				"images":
				{
					"unchecked":{"file":"treeview-checkbox-unchecked.ico"},
					"checked":{"file":"treeview-checkbox-checked.ico"}
				}
			}
		},
		"button":
		{
			"normal-state":
			{
				"images":
				{
					"unexpanded":{"file":"treeview-button-unexpanded.png"},
					"expanded":{"file":"treeview-button-expanded.png"}
				}
			}
		}
	},
	"userobject":
	{
		"drawing":true,
		"default-style":true,
		"normal-state":
		{
			"background-color":"#FFFFFF",
			"border-color":"#CCCCCC"
		},
		"disabled-state":
		{
			"background-color":"#FFFFFF",
			"border-color":"#E1E1E1"
		}
	},
	"webbrowser":
	{
		"drawing":true,
		"normal-state":
		{
			"border-color":"#CCCCCC"
		}
	},
  	"window": 
	{
    		"drawing":true,
    		"background-color":"#FFFFFF",
		"title":
		{
			"active-state":
			{
				"background-color":"#F68D38",
				"text-font":{"color":"#FFFFFF"}
			},
			"inactive-state":
			{
				"background-color":"#F68D38",
				"text-font": { "color": "#FABB88" }
      			}
    		},
		"statusbar":
		{
			"background-color":"#F2F2F2",
			"text-font":{"color":"#000000"}
		},
    		"border":
		{
			"margin":[1,30,1,1],
			"active-state":
			{
				"border-color":"#F68D38"
			},
 			"inactive-state":
			{
				"border-color":"#F68D38"
			}
		},
    		"mdiclient": 
		{
      			"background-color": "#E5E5E5"
    		},
    		"min-button": 
		{
      			"normal-state": 
			{
        			"button-image": { "file": "window-min-button-normal.bmp" }
      			},
      			"hover-state": 
			{
        			"button-image": { "file": "window-min-button-hover.bmp" }
      			},
      			"pressed-state": 
			{
        			"button-image": { "file": "window-min-button-pressed.bmp" }
      			},
      			"disabled-state": 
			{
        			"button-image": { "file": "window-min-button-disabled.bmp" }
      			},
      			"inactive-state": 
			{
        			"button-image": { "file": "window-min-button-inactive.bmp" }
      			}
    		},
    		"max-button": 
		{
      			"normal-state": 
			{
        			"button-image": { "file": "window-max-button-normal.bmp" }
      			},
      			"hover-state": 
			{
        			"button-image": { "file": "window-max-button-hover.bmp" }
      			},
      			"pressed-state": 
			{
        			"button-image": { "file": "window-max-button-pressed.bmp" }
      			},
      			"disabled-state": 
			{
        			"button-image": { "file": "window-max-button-disabled.bmp" }
      			},
      			"inactive-state": 
			{
        			"button-image": { "file": "window-max-button-inactive.bmp" }
      			}
    		},
    		"restore-button": 
		{
      			"normal-state": 
			{
        			"button-image": { "file": "window-restore-button-normal.bmp" }
      			},
      			"hover-state": 
			{
        			"button-image": { "file": "window-restore-button-hover.bmp" }
      			},
      			"pressed-state": 
			{
        			"button-image": { "file": "window-restore-button-pressed.bmp" }
      			},
      			"disabled-state": 
			{
        			"button-image": { "file": "window-restore-button-disabled.bmp" }
      			},
      			"inactive-state": 
			{
        			"button-image": { "file": "window-restore-button-inactive.bmp" }
 	     		}
    		},
    		"close-button": 
		{
      			"normal-state": 
			{
        			"button-image": { "file": "window-close-button-normal.bmp" }
      			},
      			"hover-state": 
			{
        			"button-image": { "file": "window-close-button-hover.bmp" }
      			},
      			"pressed-state": 
			{
        			"button-image": { "file": "window-close-button-pressed.bmp" }
      			},
      			"disabled-state": 
			{
        			"button-image": { "file": "window-close-button-disabled.bmp" }
      			},
      			"inactive-state": 
			{
        			"button-image": { "file": "window-close-button-inactive.bmp" }
      			}
    		},
    		"help-button": 
		{
      			"normal-state": 
			{
        			"button-image": { "file": "window-help-button-normal.bmp" }
      			},
      			"hover-state": 
			{
        			"button-image": { "file": "window-help-button-hover.bmp" }
      			},
      			"pressed-state": 
			{
        			"button-image": { "file": "window-help-button-pressed.bmp" }
      			},
      			"disabled-state": 
			{
        			"button-image": { "file": "window-help-button-disabled.bmp" }
      			},
      			"inactive-state": 
			{
        			"button-image": { "file": "window-help-button-inactive.bmp" }
      			}
    		}
  	}
}
